-- phpMyAdmin SQL Dump
-- version 5.3.0-dev+20220817.de1eb66dbf
-- https://www.phpmyadmin.net/
--
-- Host: 127.0.0.1
-- Generation Time: Oct 18, 2022 at 03:26 AM
-- Server version: 10.4.24-MariaDB
-- PHP Version: 8.0.18

SET SQL_MODE = "NO_AUTO_VALUE_ON_ZERO";
START TRANSACTION;
SET time_zone = "+00:00";


/*!40101 SET @OLD_CHARACTER_SET_CLIENT=@@CHARACTER_SET_CLIENT */;
/*!40101 SET @OLD_CHARACTER_SET_RESULTS=@@CHARACTER_SET_RESULTS */;
/*!40101 SET @OLD_COLLATION_CONNECTION=@@COLLATION_CONNECTION */;
/*!40101 SET NAMES utf8mb4 */;

--
-- Database: `car_regis`
--

-- --------------------------------------------------------

--
-- Table structure for table `agency`
--

CREATE TABLE `agency` (
  `ID` int(11) NOT NULL,
  `Detail` varchar(50) NOT NULL
) ENGINE=InnoDB DEFAULT CHARSET=utf8mb4;

--
-- Dumping data for table `agency`
--

INSERT INTO `agency` (`ID`, `Detail`) VALUES
(1, 'Management'),
(2, 'Research & Development'),
(3, 'Environment TOG'),
(4, 'Document Control ISO TOG'),
(5, 'Safety TOG'),
(6, 'Information Technology'),
(7, 'Internal Audit'),
(8, 'Sales Represent'),
(9, 'Marketing'),
(10, 'Technical Sales'),
(11, 'Commercial Service'),
(12, 'RX Customer Service'),
(13, 'Export'),
(14, 'Account Executive'),
(15, 'Human Resource & Organization Development'),
(16, 'Accounting & Finance'),
(17, 'Production Planning'),
(18, 'Storage Management'),
(19, 'FG Inventory'),
(20, 'Packing Center'),
(21, 'RX/CCP'),
(22, 'Logistic'),
(23, 'Engineering Center'),
(24, 'Process Engineer'),
(25, 'Automation'),
(26, 'Maintenance TOG'),
(27, 'QA TOG'),
(28, 'QC TOG'),
(29, 'Procurement'),
(30, 'Operation 1 TOG'),
(31, 'OP1 Phase1 Uncoat DL Mould'),
(32, 'OP1 Phase1 Uncoat DL Before Oven'),
(33, 'OP1 Phase1 Uncoat DL After Oven'),
(34, 'OP1 Phase1 HC DL Coat'),
(35, 'OP1 Phase2 Uncoat DL Mould'),
(36, 'OP1 Phase2 Uncoat DL Before Oven'),
(37, 'OP1 Phase2 Uncoat DL After Oven'),
(38, 'OP1 Phase2 HC DL Coat'),
(39, 'OP1 Gasket Non DL Injection'),
(40, 'OP1 Gasket Non DL Packing'),
(41, 'Operation 2 TOG'),
(42, 'OP2 Phase4 Uncoat DL Mould'),
(43, 'OP2 Phase4 Uncoat DL Before Oven'),
(44, 'OP2 Phase4 Uncoat DL After Oven'),
(45, 'OP2 Phase5 Uncoat DL Mould'),
(46, 'OP2 Phase5 Uncoat DL Before Oven'),
(47, 'OP2 Phase5 Uncoat DL After Oven'),
(48, 'OP2 Phase9 HCNT DL Coat'),
(49, 'OP2 Phase9 HMCS DL Coat'),
(50, 'OP Mould TOG'),
(51, 'OP Mould Hardening DL Hardening'),
(52, 'OP Mould Hardening DL Mould Pulishing'),
(53, 'OP Mould Hardening DL QC'),
(54, 'OP Mould Hardening DL Mould CNC'),
(55, 'OP Mould Hardening DL RX Lens'),
(56, 'OP Mould Hardening IDL Mould Pulishing'),
(57, 'OP Mould Hardening IDL Mould CNC'),
(58, 'OP Mould Hardening IDL RX Lens'),
(59, 'OP1 Phase 7 Casting Lens DL'),
(60, 'OP1 Phase 7 Hardcoat DL'),
(61, 'OP1 Phase 7 Hard Multicoat DL'),
(62, 'Operation 3 TOG'),
(63, 'OP3 Clear Cast DL'),
(64, 'OP3 Clear Mould DL'),
(65, 'OP3 Clear QC DL'),
(66, 'OP3 Color DL'),
(67, 'OP3 Polarview DL'),
(68, 'Safety TOC'),
(69, 'Information Technology TOC'),
(70, 'Human Resource & Organization Development TOC'),
(71, 'Accounting & Finance TOC'),
(72, 'Maintenance TOC'),
(73, 'QA TOC'),
(74, 'Operation 1 TOC'),
(75, 'OP1 RX Conventional DL UC Surfacing'),
(76, 'OP1 RX Conventional DL UC QC'),
(77, 'OP1 RX Conventional IDL UC Surfacing'),
(78, 'OP1 Coating DL HC/NT Coating'),
(79, 'OP1 Coating IDL HC/NT Coating'),
(80, 'OP1 Coating DL HMC Coating'),
(81, 'OP1 Coating DL HC/NT-ชุด Coating'),
(82, 'OP1 Coating DL HMC-ชุด Coating'),
(83, 'OP1 Tinting DL Tinting'),
(84, 'OP1 Glazing DL Glazing'),
(85, 'OP2 RX Conventional DL UC Surfacing'),
(86, 'OP2 RX Conventional IDL UC Surfacing'),
(87, 'OP2 Coating DL HC/NT Coating'),
(88, 'OP2 Coating IDL HC/NT Coating'),
(89, 'OP2 Tinting DL Tinting'),
(90, 'OP2 Glazing DL Glazing'),
(91, 'OP2 Glazing IDL Glazing'),
(92, 'บริษัท นักศึกษาฝึกงาน จำกัด'),
(93, 'บริษัท รักษาความปลอดภัยไจแอนท์ ที.ซี.จำกัด'),
(94, 'แผนกธุรการ และงานบริการ TOG'),
(95, 'แผนกธุรการ และงานบริการ TOC'),
(96, 'บริษัท เจเอ็ม คลีนนิ่ง จำกัด'),
(97, 'ส่วนเทคโนโลยีสารสนเทศ'),
(98, 'บริษัท สมายล์ พี จำกัด'),
(99, 'บริษัท สมายล์ พี จำกัด TOG'),
(100, 'OP2 Coating DL HMC Coating'),
(101, 'บริษัท พีซีที เวลธ์ พลัส จำกัด'),
(102, 'บริษัท เอชอาร์ ไดเจสท์  จำกัด'),
(103, 'Commecial Service ER Team'),
(104, 'Material Warehouse'),
(105, 'Finish Goods Warehouse'),
(106, 'RX/CCP ER Team'),
(107, 'Productivity Improvement TOG'),
(108, 'QA TOC ER Team'),
(109, 'Operation RX  ER Team DL'),
(110, 'Operation Coating ER Team DL'),
(111, 'Operation Glazing ER Team DL'),
(112, 'บริษัท พีซีที บิสซิเนส จำกัด'),
(113, 'OP1 Phase 7'),
(114, 'OP3 Clear Mouldt DL'),
(115, 'Maintenance Engineer'),
(116, 'Production Engineer'),
(117, 'พนักงานทดลองงาน');

-- --------------------------------------------------------

--
-- Table structure for table `company`
--

CREATE TABLE `company` (
  `ID` int(11) NOT NULL,
  `Detail` varchar(50) NOT NULL
) ENGINE=InnoDB DEFAULT CHARSET=utf8mb4;

--
-- Dumping data for table `company`
--

INSERT INTO `company` (`ID`, `Detail`) VALUES
(1, 'TOC'),
(2, 'TOG'),
(3, 'Polysun');

-- --------------------------------------------------------

--
-- Table structure for table `company_dormitory`
--

CREATE TABLE `company_dormitory` (
  `ID` int(11) NOT NULL,
  `Detail` varchar(10) NOT NULL
) ENGINE=InnoDB DEFAULT CHARSET=utf8mb4;

--
-- Dumping data for table `company_dormitory`
--

INSERT INTO `company_dormitory` (`ID`, `Detail`) VALUES
(0, 'ไม่ใช่'),
(1, 'ใช่');

-- --------------------------------------------------------

--
-- Table structure for table `data_user`
--

CREATE TABLE `data_user` (
  `Employee_ID` varchar(50) NOT NULL,
  `Type_Vehicle` int(11) NOT NULL,
  `Car_Regitation` varchar(11) NOT NULL,
  `Zone` int(11) NOT NULL,
  `Active` varchar(2) NOT NULL
) ENGINE=InnoDB DEFAULT CHARSET=utf8mb4;

--
-- Dumping data for table `data_user`
--

INSERT INTO `data_user` (`Employee_ID`, `Type_Vehicle`, `Car_Regitation`, `Zone`, `Active`) VALUES
('380525', 2, '1ขน9791', 6, 'A'),
('370510', 2, '6กล7889', 6, 'A'),
('618843', 2, '8กฌ8612', 6, 'A'),
('618845', 2, '9กฌ9279\n', 6, 'A'),
('650069', 2, '9กส6841\n', 7, 'A'),
('620500', 2, '9กส1413\n', 7, 'A'),
('514075', 2, '6กธ6075\n', 5, 'A'),
('452319', 2, '9กม1940', 7, 'A'),
('597437', 2, '6กง7079', 8, 'A'),
('442016', 2, 'ศห1443', 7, 'A'),
('597451', 2, 'ศฮ6652', 8, 'A'),
('441802', 2, '5กง519', 7, 'A'),
('442055', 2, 'ฆห7650', 7, 'A'),
('421268', 2, 'ฎบ4481', 5, 'A'),
('472786', 2, '3กช7316', 5, 'A'),
('608120', 2, 'ญผ5754', 5, 'A'),
('608068', 2, 'กม9024', 7, 'A'),
('618844', 2, 'ฎย6384', 8, 'A'),
('545152', 2, '5กง1739', 6, 'A'),
('B393141', 2, '1กฐ1262', 8, 'A'),
('390954', 2, '1กภ3350', 8, 'A'),
('B534447', 2, '6กง5156', 2, 'A'),
('483127', 2, '9กย8298', 1, 'A'),
('620264', 2, '3ฒจ6895', 2, 'A'),
('597446', 2, '7กผ1220', 1, 'A'),
('597406', 2, 'ชม9482', 1, 'A'),
('545469', 2, '1กถ8093', 2, 'A'),
('597794', 2, '6กต1416', 1, 'A'),
('545151', 2, 'กม8589', 2, 'A'),
('620508', 2, 'กษ635', 2, 'A'),
('534928', 2, 'ฆด7970', 2, 'A'),
('597590', 2, '1กญ1061', 2, 'A'),
('597853', 2, '8กว9131', 2, 'A'),
('472914', 2, '6กฉ4232', 2, 'A'),
('555785', 2, '7กณ7256', 2, 'A'),
('597549', 2, '1กจ4457', 2, 'A'),
('608371', 2, 'ฎอ7416', 2, 'A'),
('620292', 2, '5กพ5021', 2, 'A'),
('370422', 2, 'ศม1469', 2, 'A'),
('483309', 2, 'ภบ2952', 2, 'A'),
('618603', 2, '2กบ766', 2, 'A'),
('493534', 2, '9กน8559 ', 1, 'A'),
('483206', 2, '3กณ5433', 2, 'A'),
('576780', 2, '4กว4481', 2, 'A'),
('483282', 2, 'ฎพ4910', 2, 'A'),
('452320', 2, '2กค2979', 2, 'A'),
('608070', 2, 'กษ2293', 2, 'A'),
('597821', 2, '8กบ1357', 1, 'A'),
('B413139', 2, 'ชส 7508', 2, 'A'),
('566007', 2, '2กว447', 5, 'A'),
('442061', 2, '8กธ1500', 2, 'A'),
('431407', 2, 'ฏภ443', 2, 'A'),
('618834', 2, '5กฐ5946', 2, 'A'),
('472665', 2, 'ฆส1619', 2, 'A'),
('620501', 2, 'ศษ3052', 2, 'A'),
('608075', 2, 'ฒน3687', 2, 'A'),
('B620110', 2, 'ศอ5679', 2, 'A'),
('587153', 2, '3ขช7697', 2, 'A'),
('620510', 2, '1กอ5300', 2, 'A'),
('B483332', 2, '7กฆ5008', 2, 'A'),
('472841', 2, '8กท1443', 3, 'A'),
('421275', 2, 'กร3957', 3, 'A'),
('608085', 2, '9กศ6347', 3, 'A'),
('620225', 2, '6กณ2123', 3, 'A'),
('370456', 2, 'ฎช9169', 3, 'A'),
('576529', 2, 'สอ2509', 3, 'A'),
('608093', 2, '7กบ4079', 3, 'A'),
('608353', 2, '8กญ3401', 3, 'A'),
('350132', 2, 'ตธ3905', 3, 'A'),
('452415', 2, '4กฆ3346', 3, 'A'),
('441766', 2, 'บน4297  ', 2, 'A'),
('431360', 2, '1ฒม5712', 3, 'A'),
('608083', 2, 'กษ8935', 3, 'A'),
('380701', 2, 'ฒถ3742', 2, 'A'),
('587315', 2, '6กย7140', 3, 'A'),
('534733', 2, 'ฆถ4182', 3, 'A'),
('503829', 2, '1กจ6248', 3, 'A'),
('391028', 2, 'ษย749', 3, 'A'),
('597439', 2, 'ฆอ7532', 3, 'A'),
('597429', 2, '1กช49', 3, 'A'),
('483109', 2, 'ฎฮ210', 3, 'A'),
('431620', 2, 'วฮ8600', 3, 'A'),
('514480', 2, 'วน6393', 3, 'A'),
('597723', 2, 'ษร7536', 3, 'A'),
('360346', 2, 'กย2976', 3, 'A'),
('620507', 2, '8กน6980', 3, 'A'),
('350148', 2, 'กอ483', 3, 'A'),
('401101', 2, '9กง5413', 2, 'A'),
('587087', 2, '2ฒย2721', 3, 'A'),
('576642', 2, '2กส8429', 3, 'A'),
('597581', 2, '1กท5531', 3, 'A'),
('608054', 2, '8กง1292', 3, 'A'),
('360326', 2, 'ฒล4595', 3, 'A'),
('608295', 2, '2กง8932', 3, 'A'),
('514218', 2, 'กษ304', 3, 'A'),
('597790', 2, 'คฮ7206', 3, 'A'),
('608044', 2, '8กผ3389', 3, 'A'),
('401131', 2, '4กย8179', 2, 'A'),
('608084', 2, '2ฒฎ8838', 3, 'A'),
('576664', 2, '2กศ9175', 2, 'A'),
('576883', 2, 'บฉ2914', 2, 'A'),
('597493', 2, 'ฒล7281', 3, 'A'),
('545087', 2, 'ญค3145', 3, 'A'),
('390937', 2, 'ชช709', 2, 'A'),
('390956', 2, 'ญณ7014', 3, 'A'),
('431396', 2, 'กพ9399', 3, 'A'),
('566037', 2, 'กฉ557 ', 3, 'A'),
('370458', 2, '1ฒจ3043', 3, 'A'),
('545116', 2, '7กฌ4463', 3, 'A'),
('390831', 2, 'ศว6172', 3, 'A'),
('452411', 2, 'วฐ9238', 3, 'A'),
('472697', 2, 'บต2524', 3, 'A'),
('441833', 2, 'ณข7629', 3, 'A'),
('503747', 2, '6กภ9110', 3, 'A'),
('628852', 2, 'ฐต5681', 3, 'A'),
('597856', 2, 'ณพ9938', 3, 'A'),
('441939', 2, 'ฎถ2372', 3, 'A'),
('350141', 2, 'บฉ5805', 2, 'A'),
('350183', 2, 'ฆฬ1652', 2, 'A'),
('390903', 2, 'บค7826', 3, 'A'),
('390867', 2, '8กศ3892', 3, 'A'),
('630042', 2, '7กผ2467 ', 2, 'A'),
('608096', 2, 'ฒผ7896', 3, 'A'),
('370480', 2, '2กภ6912', 2, 'A'),
('620327', 2, '7กย1418', 3, 'A'),
('514459', 2, '9กพ7393', 3, 'A'),
('597540', 2, 'กน2169', 3, 'A'),
('360255', 2, '2กว4033', 3, 'A'),
('441908', 2, 'ฆณ7279', 3, 'A'),
('452435', 2, 'ชส8424', 3, 'A'),
('360247', 2, '8กพ5812', 3, 'A'),
('545106', 2, '1กต6175', 3, 'A'),
('608038', 2, 'ฆฒ2776', 2, 'A'),
('628848', 2, 'กย3335', 3, 'A'),
('598001', 2, '8กพ8274', 3, 'A'),
('B473329', 2, '9กข 326', 2, 'A'),
('401080', 2, 'ถส6597', 2, 'A'),
('555906', 2, 'วห1323', 3, 'A'),
('441923', 2, '2ฒญ6405', 3, 'A'),
('576839', 2, '9กม1939', 3, 'A'),
('442175', 2, 'สษ5774', 3, 'A'),
('493353', 2, '1กข8253', 3, 'A'),
('576340', 2, '9กย7620', 3, 'A'),
('608145', 2, 'กบ5727', 3, 'A'),
('608147', 2, 'กร8231', 3, 'A'),
('620421', 2, 'ผก8750', 3, 'A'),
('555603', 2, '2กน2169', 3, 'A'),
('586972', 2, 'ฏม9352', 3, 'A'),
('576535', 2, 'บล4940', 3, 'A'),
('618806', 2, '7กผ334', 3, 'A'),
('483046', 2, '4กศ7993', 3, 'A'),
('360217', 2, '1กต2468', 3, 'A'),
('618806', 2, 'บพ63', 3, 'A'),
('597537', 2, 'สศ2959', 3, 'A'),
('587293', 2, 'วล9193', 3, 'A'),
('576475', 2, 'ชม5429', 3, 'A'),
('618741', 2, 'กล162', 3, 'A'),
('411148', 2, '1ฒร766', 3, 'A'),
('493372', 2, '1ฒล4244', 3, 'A'),
('566198', 2, '2ฐ3769', 3, 'A'),
('380535', 2, 'ฏศ3797', 3, 'A'),
('597413', 2, '9กฒ642', 3, 'A'),
('360275', 2, 'ปย7766', 3, 'A'),
('576431', 2, 'กฉ2214', 2, 'A'),
('630040', 2, 'กธ8744', 3, 'A'),
('586969', 1, 'ฬฉล406', 4, 'A'),
('441902', 2, 'บล1220', 3, 'A'),
('431704', 2, '5กฎ7388', 3, 'A'),
('620430', 1, 'บมง409', 4, 'A'),
('472841', 1, '1กก3093', 4, 'A'),
('503902', 1, 'วจษ809', 4, 'A'),
('360201', 1, 'บลค985', 4, 'A'),
('597839', 1, '1กข7455', 4, 'A'),
('534808', 1, 'พรต795', 4, 'A'),
('566032', 1, '7กข5034', 4, 'A'),
('597465', 1, '9กจ5547', 4, 'A'),
('493458', 1, 'ลบพ780', 4, 'A'),
('576529', 1, '1กง1529', 4, 'A'),
('360203', 1, '1กค768', 4, 'A'),
('514185', 1, 'ษงย664', 4, 'A'),
('608093', 1, '4กจ2685', 4, 'A'),
('483180', 1, 'ลจท.817', 4, 'A'),
('452343', 1, 'มขย249', 4, 'A'),
('576528', 1, 'รงย886', 4, 'A'),
('452406', 1, 'ววง824', 4, 'A'),
('620163', 1, '7กศ6844', 4, 'A'),
('618658', 1, '7กศ1479', 4, 'A'),
('493519', 1, '4ห9161', 4, 'A'),
('431704', 1, 'นรพ881', 4, 'A'),
('493607', 1, 'ลวม292', 4, 'A'),
('472832', 1, '7กภ5391', 4, 'A'),
('534733', 1, 'จทบ504', 4, 'A'),
('503829', 1, 'พกพ594', 4, 'A'),
('452321', 1, 'กท8665', 4, 'A'),
('401065', 1, 'ยธร571', 4, 'A'),
('565969', 1, '3กล4669', 4, 'A'),
('380716', 1, '5กฮ9182', 4, 'A'),
('360204', 1, 'อมป386', 4, 'A'),
('620218', 1, '2กฬ2777', 4, 'A'),
('608071', 1, 'ฬขม122', 4, 'A'),
('555919', 1, '1กธ446', 4, 'A'),
('628952', 1, '8กน8078', 4, 'A'),
('545469', 1, 'สนต565', 4, 'A'),
('431620', 1, 'ยตข177', 4, 'A'),
('597518', 1, 'บย201', 4, 'A'),
('618715', 1, 'ลษบ566', 4, 'A'),
('545235', 1, 'กทน 946', 4, 'A'),
('514144', 1, 'กทก410', 4, 'A'),
('608243', 1, '5กณ6594', 4, 'A'),
('431335', 1, 'มยม989', 4, 'A'),
('597415', 1, 'ขขม153', 4, 'A'),
('597723', 1, '1กฌ1042 ', 4, 'A'),
('360346', 1, 'กฉม380', 4, 'A'),
('620171', 1, '7กอ5723', 4, 'A'),
('370458', 1, 'ลวพ704', 4, 'A'),
('620507', 1, 'กลก901', 4, 'A'),
('587315', 1, 'อสษ62', 4, 'A'),
('360264', 1, 'กตก67', 4, 'A'),
('608245', 1, '8กฆ1375', 4, 'A'),
('620462', 1, '5กฏ2962', 4, 'A'),
('441844', 1, 'ปบท184', 4, 'A'),
('493548', 1, 'กรว349', 4, 'A'),
('441948', 1, 'บคล873', 4, 'A'),
('566188', 1, 'รคฉ119', 4, 'A'),
('565950', 1, 'ขคน199', 4, 'A'),
('534633', 2, 'ฒน6743', 3, 'A'),
('503865', 2, 'กร3298', 3, 'A'),
('608062', 1, '6กฉ2629', 4, 'A'),
('587087', 1, '1กค6540', 4, 'A'),
('483216', 1, 'รกบ409', 4, 'A'),
('587273', 1, '9กฉ1117', 4, 'A'),
('350056', 1, 'พยท449', 4, 'A'),
('442004', 1, 'กทค698', 4, 'A'),
('565999', 1, '1กค883', 4, 'A'),
('401131', 1, '1กค2614', 4, 'A'),
('597581', 1, '1ขศ8868', 4, 'A'),
('608295', 1, 'ธ0556', 4, 'A'),
('566156', 1, '6กบ9571', 4, 'A'),
('618603', 1, '8กด3433', 4, 'A'),
('587244', 1, '4กธ6302', 4, 'A'),
('360344', 1, 'นขค28', 4, 'A'),
('618846', 1, 'คกค521', 4, 'A'),
('431414', 1, 'กจพ257', 4, 'A'),
('555727', 1, '2กน7565', 4, 'A'),
('380616', 1, 'กตต156', 4, 'A'),
('493454', 1, '3กย2216', 4, 'A'),
('370498', 1, 'ฬขธ570', 4, 'A'),
('576483', 1, '3กธ6090', 4, 'A'),
('597493', 1, '1กช7811', 4, 'A'),
('576397', 1, '1ขพ3471', 4, 'A'),
('608189', 2, 'ฌค2994', 3, 'A'),
('545087', 1, 'วจก805', 4, 'A'),
('441982', 1, 'พยพ605', 4, 'A'),
('620341', 1, '7กฆ \n656', 4, 'A'),
('586937', 1, '9กส5657', 4, 'A'),
('620208', 1, 'กท990', 4, 'A'),
('483185', 1, '1กฬ6827', 4, 'A'),
('597796', 1, 'ปทท214', 4, 'A'),
('452494', 1, 'ฬจธ263', 4, 'A'),
('608137', 1, 'ฒก8595', 4, 'A'),
('587297', 2, 'กต3695', 3, 'A'),
('555812', 1, '2กข9234', 4, 'A'),
('620187', 1, '1กภ6060', 4, 'A'),
('608104', 1, 'อกฉ889', 4, 'A'),
('608281', 1, 'ฬตป162', 4, 'A'),
('587390', 1, 'กนล665', 4, 'A'),
('587268', 1, '6กง5464', 4, 'A'),
('350147', 1, '5กษ260', 4, 'A'),
('597660', 1, '4กพ2755', 4, 'A'),
('608037', 1, '1กจ6323', 4, 'A'),
('390831', 1, '1กฆ379', 4, 'A'),
('472661', 1, '4กข6739', 4, 'A'),
('620452', 1, '8กศ7699', 4, 'A'),
('620357', 1, '1ขผ2945', 4, 'A'),
('452460', 1, '5กน179', 4, 'A'),
('576381', 1, '6กษ4354', 4, 'A'),
('472697', 1, 'กตฉ98', 4, 'A'),
('620406', 1, 'คมต451', 4, 'A'),
('441833', 1, 'ฬปต753', 4, 'A'),
('503747', 1, 'ขคล294', 4, 'A'),
('514303', 1, 'วนง 719', 4, 'A'),
('452440', 1, '1กข6914', 4, 'A'),
('401080', 1, '2กฎ6304', 4, 'A'),
('597856', 1, 'ยลน30', 4, 'A'),
('514055', 2, '6กง1780', 3, 'A'),
('587128', 1, 'กทธ967', 4, 'A'),
('628951', 1, 'มจค810', 4, 'A'),
('608515', 1, 'อธม224', 4, 'A'),
('401093', 1, 'ลพจ332', 4, 'A'),
('597968', 1, '8กง228', 4, 'A'),
('462584', 1, 'อคข788', 4, 'A'),
('380671', 1, 'กทย630', 4, 'A'),
('390956', 1, '8กล8764', 4, 'A'),
('360238', 1, 'พวร12', 4, 'A'),
('390903', 1, 'กฉจ126', 4, 'A'),
('350102', 1, 'กทข379', 4, 'A'),
('370456', 1, '7กฒ896', 4, 'A'),
('493595', 1, 'ษยว178', 4, 'A'),
('587128', 2, 'บบ6522', 3, 'A'),
('618775', 1, '1กจ5161', 4, 'A'),
('620155', 1, '6กค9026', 4, 'A'),
('390915', 1, '2กจ2485', 4, 'A'),
('390867', 1, 'ฬฉว 573', 4, 'A'),
('514146', 1, '9กล4178', 4, 'A'),
('587026', 1, '6กค9242', 4, 'A'),
('380767', 1, 'วษว477', 4, 'A'),
('360218', 1, 'ษฉธ\n673', 4, 'A'),
('620327', 1, '6กฆ5924', 4, 'A'),
('608070', 1, '1กฆ1886', 4, 'A'),
('566102', 1, 'ขนท68', 4, 'A'),
('545343', 1, '2กท3758', 4, 'A'),
('452321', 1, '3กง6422', 4, 'A'),
('628855', 1, 'องข​648', 4, 'A'),
('462588', 1, 'กวพ171', 4, 'A'),
('545431', 1, 'คฉจ204', 4, 'A'),
('608154', 1, 'กจ6554', 4, 'A'),
('608435', 1, '1กฆ8159', 4, 'A'),
('360255', 1, '1กก3793', 4, 'A'),
('360220', 1, 'กทจ488', 4, 'A'),
('441908', 1, '2กย1682', 4, 'A'),
('628979', 1, 'ขตพ621', 4, 'A'),
('576830', 1, 'พคท692', 4, 'A'),
('421245', 1, '6กย4940', 4, 'A'),
('620271', 1, '1กค5333', 4, 'A'),
('514190', 1, 'บวต274', 4, 'A'),
('493423', 1, '8กฮ1820', 4, 'A'),
('441824', 1, 'ลยจ243', 4, 'A'),
('350166', 1, 'อขร189', 4, 'A'),
('620494', 1, 'ขพค572 ', 4, 'A'),
('566014', 1, 'กร296 ', 4, 'A'),
('452435', 1, 'ปนบ646', 4, 'A'),
('514215', 1, 'วษค992', 4, 'A'),
('608164', 1, 'ขทร852', 4, 'A'),
('360247', 1, '1กค4505', 4, 'A'),
('576457', 1, 'ษจฉ530', 4, 'A'),
('597439', 1, '1กฆ6874', 4, 'A'),
('597929', 1, 'อตจ458', 4, 'A'),
('620191', 1, '9กฐ4441', 4, 'A'),
('370482', 2, 'ลค2051', 3, 'A'),
('555781', 1, 'กงว132', 4, 'A'),
('452433', 1, 'อมต853', 4, 'A'),
('504039', 1, '1กง2939', 4, 'A'),
('370440', 1, '5กช4324', 4, 'A'),
('566210', 1, '3กณ8444', 4, 'A'),
('565953', 1, '1กก6677', 4, 'A'),
('618826', 1, '1กจ4512', 4, 'A'),
('608243', 2, '8กด1232', 3, 'A'),
('608103', 2, '8กฏ1535', 3, 'A'),
('421298', 1, 'ฬกษ912', 4, 'A'),
('618745', 1, '8กง2423', 4, 'A'),
('441865', 1, 'กฉน338', 4, 'A'),
('401061', 1, 'มนธ952', 4, 'A'),
('620311', 1, '1กฐ2071', 4, 'A'),
('535010', 1, '1กจ2993', 4, 'A'),
('452399', 1, '5กม1337', 4, 'A'),
('441923', 1, 'อนก495', 4, 'A'),
('576839', 1, '5กว3394', 4, 'A'),
('587257', 1, 'ฬฉส21', 4, 'A'),
('620341', 1, '7กฆ656', 4, 'A'),
('411160', 1, '7กฮ2132', 4, 'A'),
('586975', 1, 'อคค146', 4, 'A'),
('597610', 1, '3กญ9012', 4, 'A'),
('442175', 1, 'มษน86', 4, 'A'),
('587002', 1, '4กถ720', 4, 'A'),
('391050', 1, 'นตม597', 4, 'A'),
('514480', 1, '7กส580', 4, 'A'),
('503910', 1, 'วฉธ632', 4, 'A'),
('608532', 1, '1กม4272', 4, 'A'),
('620438', 1, 'อบต816', 4, 'A'),
('620421', 1, 'ฬงอ793', 4, 'A'),
('587050', 1, '9กศ851', 4, 'A'),
('555603', 1, '2กต5918', 4, 'A'),
('441872', 1, 'สวบ271', 4, 'A'),
('608461', 1, '6กฬ2393', 4, 'A'),
('534808', 1, 'สธธ285', 4, 'A'),
('534633', 1, '9กง7259', 4, 'A'),
('587296', 1, 'จพฅ693', 4, 'A'),
('360217', 1, '2กบ3757', 4, 'A'),
('503653', 1, '1กฆ5189', 4, 'A'),
('370482', 1, 'อษษ951', 4, 'A'),
('620448', 1, '1กข830', 4, 'A'),
('628887', 1, '9กข1780', 4, 'A'),
('380676', 1, 'ลมพ633', 4, 'A'),
('620474', 1, '5กต3963', 4, 'A'),
('620192', 1, 'ฬธส80', 4, 'A'),
('620336', 1, '1กจ2366', 4, 'A'),
('587391', 1, '6กฐ4292', 4, 'A'),
('390991', 1, 'พฉธ916', 4, 'A'),
('587293', 1, '5กต3955', 4, 'A'),
('472686', 1, 'ลธธ842', 4, 'A'),
('620424', 1, 'ลพก664', 4, 'A'),
('576475', 1, 'อจม231', 4, 'A'),
('576530', 1, 'วมร298', 4, 'A'),
('618741', 1, 'อปร947', 4, 'A'),
('608123', 1, '9กต7832', 4, 'A'),
('493521', 1, 'ลวท610', 4, 'A'),
('493372', 1, 'ขรง905', 4, 'A'),
('380695', 1, 'กตพ47', 4, 'A'),
('566171', 1, 'กตท480', 4, 'A'),
('441954', 1, 'บพฉ349', 4, 'A'),
('360275', 1, '8กฒ8572', 4, 'A'),
('350159', 1, 'ฬงร272', 4, 'A'),
('441891', 1, 'ลมย956', 4, 'A'),
('401119', 1, '1กฆ497', 4, 'A'),
('380535', 1, 'อทธ903', 4, 'A'),
('534862', 1, 'กทจ32', 4, 'A'),
('576340', 1, '9กย6120', 4, 'A'),
('586972', 1, 'ลตค447', 4, 'A'),
('618636', 1, '7กฉ534', 4, 'A'),
('587297', 1, '1กจ3865', 4, 'A'),
('587296', 1, 'จพค693', 4, 'A'),
('608153', 1, 'กฉพ487', 4, 'A'),
('555816', 1, 'ขคจ861', 4, 'A'),
('555819', 1, 'ยลน776', 4, 'A'),
('576747', 1, 'กรล910', 4, 'A'),
('576317', 1, '2กต7249', 4, 'A'),
('587081', 1, 'กม5478', 4, 'A'),
('628957', 1, '1กก2335', 4, 'A'),
('566045', 1, 'อลบ709', 4, 'A'),
('482967', 1, '2ขฆ8660', 4, 'A'),
('411148', 1, '2กค1102', 4, 'A'),
('566198', 1, '1กฉ1146', 4, 'A'),
('597808', 1, '8กฌ9451', 4, 'A'),
('380551', 1, 'ขนธ630', 4, 'A'),
('598001', 1, 'ขทง333 ', 4, 'A'),
('608467', 1, '1กข5826', 4, 'A'),
('628855', 1, 'องข648', 4, 'A'),
('483180', 1, 'ลจท817', 4, 'A'),
('534801', 1, 'ขลต367', 4, 'A'),
('431684', 1, '4กอ3768', 4, 'A'),
('534633', 1, 'กง7259', 4, 'A'),
('608189', 1, 'วตล708', 4, 'A'),
('380791', 1, 'กยจ351', 4, 'A'),
('514055', 1, 'สยล942', 4, 'A'),
('620438', 1, 'อตป816', 4, 'A'),
('628856', 1, 'กจง733', 4, 'A'),
('597439', 1, 'กตก 913', 4, 'A'),
('503865', 1, 'ขคล953', 4, 'A'),
('380547', 1, 'กมล824', 4, 'A'),
('ST0460', 1, '7กข2504', 4, 'A'),
('630048', 2, '3กฆ8404', 2, 'A'),
('514215', 2, '1กธ5366', 3, 'A'),
('452225', 1, '5กฎ3825', 4, 'A'),
('534915', 1, 'ยธบ915', 4, 'A'),
('566037', 1, '2ขญ2546', 4, 'A'),
('ST0383', 1, '5กฆ 2256', 4, 'A'),
('ST0666', 2, 'ญส3660', 3, 'A'),
('SC0000', 2, '6กฉ3461', 3, 'A'),
('545343', 2, ' กอ1546', 3, 'A'),
('608071', 2, '1ขง3312', 3, 'A'),
('608168', 2, '2ฒฮ5207', 3, 'A'),
('St0964', 1, '5กม1506', 4, 'A'),
('ST0528', 1, '1กฎ7432', 4, 'A'),
('ST0401', 1, 'กค405', 4, 'A'),
('ST1129', 1, '1กธ7424', 4, 'A'),
('ST0505', 1, 'กวท360', 4, 'A'),
('ST0478', 1, '9กน2907', 4, 'A'),
('ST0444', 1, 'กจ6212', 4, 'A'),
('ST0383', 1, '5กฆ2256', 4, 'A'),
('ST0371', 1, '2ขจ4727', 4, 'A'),
('ST0960', 2, 'กฉ2485', 3, 'A'),
('ST0448', 1, 'กนย294', 4, 'A'),
('ST0401', 1, '2ขจ405', 4, 'A'),
('ST1201', 1, '1กฎ856', 4, 'A'),
('ST0962', 1, 'ยคก632', 4, 'A'),
('ST0915', 1, '2ขบ6034', 4, 'A'),
('ST0684', 1, '1ขร3095', 4, 'A'),
('St1206', 1, '1กด2838', 4, 'A'),
('ST0780', 1, '1กช4016', 4, 'A'),
('ST1015', 1, 'สธท712', 4, 'A'),
('ST0469', 1, '7กฌ6196', 4, 'A'),
('441954', 1, '2ขบ8152', 4, 'A'),
('618826', 2, '8กฬ6031', 3, 'A'),
('ST1059', 2, '1ฒฮ2490', 3, 'A'),
('ST1059', 1, '9กข9734', 4, 'A'),
('ST1545', 1, '1กฉ8693', 4, 'A'),
('PT0010', 1, '9กญ8278', 4, 'A'),
('608461', 2, '4กม2505', 3, 'A'),
('ST1915', 2, 'ญล4247', 3, 'A'),
('620406', 2, '3ฒง8337', 3, 'A'),
('PT0010', 1, '9กญ9278', 4, 'A'),
('PT0067', 2, 'บย6163  ', 3, 'A'),
('PT0041', 2, 'กต9013', 3, 'A'),
('PT0074', 1, '4กช853', 4, 'A'),
('PT0041', 1, '7กม8274', 4, 'A'),
('ST1956', 2, '1ขญ103', 3, 'A'),
('597937', 2, '1ขศ4608', 3, 'A'),
('ST1179', 2, 'กม6894', 3, 'A'),
('598001', 2, '8กพ8274 ', 3, 'A'),
('555781', 2, 'กอ3331', 3, 'A'),
('SC9999', 2, ' 6กผ9630​', 3, 'A'),
('PT0182', 2, 'บท7851', 3, 'A'),
('ST1619', 2, '3กล6751', 3, 'A'),
('ST1762', 2, '3ฒฌ3332', 3, 'A'),
('PT0227', 2, '1ขข3413', 3, 'A'),
('ST0713', 2, 'บษ7261', 3, 'A'),
('PT0261', 2, '9กษ8605', 3, 'A'),
('ST0979', 2, '3กช332', 3, 'A'),
('640096', 2, '9กล5267', 3, 'A'),
('640095', 1, '1กก8245', 4, 'A'),
('640096', 1, '1กธ8222', 4, 'A'),
('PT0087', 2, 'ขง8796', 3, 'A'),
('640085', 1, '1กค4950', 4, 'A'),
('566188', 1, '1กฉ9810', 4, 'A'),
('566188', 1, '1กข8091', 4, 'A'),
('ST2363', 2, 'ผบ3261', 3, 'A'),
('650008', 2, 'บฉ8427', 3, 'A'),
('620311', 2, 'ผจ2965', 3, 'A'),
('ST3162', 2, 'กท​1664', 3, 'A'),
('ST3152', 2, 'ฒส9896', 3, 'A'),
('ST1956', 2, '1ขห4826', 3, 'A'),
('650012', 2, '9กธ7085', 3, 'A'),
('ST3163', 2, '8กภ2047', 3, 'A'),
('ST3321', 2, '9กบ8257', 3, 'A'),
('Rt0220', 2, 'กพ2342', 3, 'A'),
('524501', 2, 'ก1763', 3, 'A'),
('ST3368', 2, 'กอ3240', 3, 'A'),
('ST3358', 2, '2ขก9372', 3, 'A'),
('620341', 2, 'ฆ4611', 3, 'A'),
('RT0132', 2, 'กธ3766', 3, 'A'),
('ST3265', 2, 'กฉ8886 ', 3, 'A'),
('ST3298', 2, 'กง1759', 3, 'A'),
('ST3188', 1, '3ขฒ5116', 4, 'A'),
('ST3188', 2, 'ขก8035', 3, 'A'),
('597671', 1, '4ขฉ8125', 4, 'A'),
('RT0180', 2, 'บษ1438', 3, 'A'),
('ST3407', 2, 'ผก5718', 3, 'A'),
('ST3420', 2, 'ขก5157', 3, 'A'),
('620341', 1, '7กฆ\n656', 4, 'A'),
('618806', 1, 'สลฉ688', 4, 'A'),
('ST2436', 1, '2ขย7649', 4, 'A'),
('PT0548', 1, 'บพ955', 4, 'A'),
('620448', 1, '4ขฒ852', 4, 'A'),
('618844', 2, 'ขภ1980', 1, 'A'),
('PT0010', 2, '1ขพ2843', 3, 'A'),
('ST2264', 2, 'ธน5906', 3, 'A'),
('640016', 2, '1ขฌ3757', 3, 'A'),
('640016', 2, 'ก4505', 3, 'A'),
('431684', 1, '3กช7176 ', 4, 'A'),
('ST2041', 1, '1กฆ6084', 4, 'A'),
('618846', 1, '2กฏ6359', 4, 'A'),
('597589', 2, '2ขว2139', 2, 'A'),
('ST3380', 1, '2ขส5951 ', 4, 'A'),
('ST1608', 1, '2ขข9858', 4, 'A'),
('ST1732', 1, '4ขต7258', 4, 'A'),
('ST1368', 1, 'กจ8602', 4, 'A'),
('503829', 1, 'ฬทน105', 4, 'A'),
('503829', 1, 'กทธ385', 4, 'A'),
('618603', 1, '8กล3433', 4, 'A'),
('618603', 2, '6กธ512', 2, 'A'),
('650028', 1, '1กฒ702', 4, 'A'),
('650028', 2, '2ฒต3149', 3, 'A'),
('650031', 2, '2ขศ4660', 3, 'A'),
('ST3040', 1, '3ขธ7697', 4, 'A'),
('ST1643', 1, '4ขง7263', 4, 'A'),
('ST2637', 1, '4กผ7214', 4, 'A'),
('SC0411', 2, 'กย6581', 3, 'A'),
('620451', 1, '4ขธ5769 ', 4, 'A'),
('ST2522', 1, '1กท3722', 4, 'A'),
('ST1480', 2, '4กย2947', 3, 'A'),
('483309', 2, '1กข5380', 2, 'A'),
('ST2917', 2, '1ขค4227', 3, 'A'),
('ST0371', 2, '2กษ3626', 3, 'A'),
('620173', 1, 'อพป317', 4, 'A'),
('ST0505', 1, 'กสท360', 4, 'A'),
('RT0218', 2, '3ฒจ5541', 3, 'A'),
('618775', 1, '4ขถ5459', 4, 'A'),
('ST3401', 1, '1กด9134', 4, 'A'),
('ST1915', 2, 'บจ2577', 3, 'A'),
('RC0004', 1, '3ขจ5857', 4, 'A'),
('ST1915', 1, '1กน9560', 4, 'A'),
('ST2177', 1, '1กฎ4312', 4, 'A'),
('PT0261', 1, '2กก5905', 4, 'A'),
('ST2773', 1, '7กว3509', 4, 'A'),
('ST0608', 1, '1ขค1366', 4, 'A'),
('ST2510', 1, '1กฒ7624', 4, 'A'),
('ST1762', 2, '2ขด8678', 3, 'A'),
('ST3120', 1, '1กร3619', 4, 'A'),
('RT0129', 1, 'ขจร378', 4, 'A'),
('ST2898', 1, 'กทท601', 4, 'A'),
('ST2313', 1, '2ขย4115', 4, 'A'),
('St2312', 1, '1กท8751', 4, 'A'),
('ST3291', 1, 'ษฉค366 ', 4, 'A'),
('St1497', 1, 'รษพ506 ', 4, 'A'),
('ST2142', 1, '1กถ3040', 4, 'A'),
('ST3050', 1, '1กฌ5932', 4, 'A'),
('ST3050', 2, 'ฆจ7336', 3, 'A'),
('ST1915', 2, 'บห2577', 3, 'A'),
('PT0163', 1, '4กถ5699', 4, 'A'),
('ST1330', 1, '9กฮ4195', 4, 'A'),
('441954', 1, 'มจง93', 4, 'A'),
('597415', 2, 'ขก8816', 3, 'A'),
('ST3402', 1, '1กฉ4943', 4, 'A'),
('ST2643', 1, '1กข6243', 4, 'A'),
('ST2493', 1, '4ขญ7598', 4, 'A'),
('PC0005', 2, 'ฎถ6037', 3, 'A'),
('PC0006', 2, 'วห469', 3, 'A'),
('ST2134', 1, ' 4ขค3291', 4, 'A'),
('PT0083', 1, '7กฮ2043', 4, 'A'),
('587400', 2, '2ขพ9783', 3, 'A'),
('ST3481', 1, '4กฮ280', 4, 'A'),
('B605108', 1, '3ขว3003', 4, 'A'),
('650058', 2, '6กน7902 ', 2, 'A'),
('PT0287', 1, 'สลบ998', 4, 'A'),
('RT0360', 2, '2ขศ1784', 3, 'A'),
('640024', 2, '1ขธ235', 3, 'A'),
('555919', 1, '2กภ3176', 4, 'A'),
('ST3022', 2, '6กช2878', 3, 'A'),
('620335', 1, '4ขณ5105', 4, 'A'),
('PT0061', 1, '4ขบ3785', 4, 'A'),
('ST2996', 1, '9กฐ4442', 4, 'A'),
('RT0168', 1, '1กด8360', 4, 'A'),
('650022', 1, '2ขค947', 4, 'A'),
('ST3436', 2, '9กน5667', 3, 'A'),
('PT0287', 2, '8กฎ8512', 3, 'A'),
('ST2377', 1, '3กถ1171', 4, 'A'),
('PT0228', 1, '1กฌ7372', 4, 'A'),
('ST1259', 1, '1กต3416', 4, 'A'),
('608484', 2, 'ผข4195', 3, 'A'),
('PT0278', 1, '4ขจ8507', 4, 'A'),
('RT0314', 1, '1กฎ8509', 4, 'A'),
('640037', 2, '2ขฬ8834', 3, 'A'),
('650020', 1, '2ขร7426', 4, 'A'),
('650062', 2, 'กย497', 2, 'A'),
('650062', 1, 'งทจ68', 4, 'A'),
('S650008', 2, '4กถ2464', 3, 'A'),
('650064', 1, '1กฉ8049', 4, 'A'),
('PT0061', 1, '5กข2010', 4, 'A'),
('ST3274', 1, '4ขง6866', 4, 'A'),
('ST3245', 2, 'กอ2151', 3, 'A'),
('630037', 2, '2ขษ7282', 2, 'A'),
('RT0409', 2, 'ขฉ1349', 3, 'A'),
('650033', 1, 'ขก8615', 4, 'A'),
('RT0188', 2, '6กว3576', 3, 'A'),
('620311', 2, '2ขฮ9373', 3, 'A'),
('442151', 2, '3ฒถ8314', 2, 'A'),
('555816', 2, '9กน 6338', 3, 'A'),
('431708', 2, 'ษษ4705', 3, 'A'),
('620155', 2, '2ขฆ3681', 3, 'A'),
('350056', 1, 'พยท449', 4, 'A'),
('St2709', 1, '1กฒ1389', 4, 'A'),
('ST3730', 1, '1กถ3256', 4, 'A'),
('PT0221', 2, '3ฒถ5611', 3, 'A'),
('ST2120', 2, '7กฐ8176', 3, 'A'),
('620384', 1, '1กญ9319', 4, 'A'),
('545114', 1, '2ขผ4604', 4, 'A'),
('PT0238', 1, '2กฒ3644', 4, 'A'),
('620225', 1, '4ขฉ5176', 4, 'A'),
('PT0418', 1, '1กช3126', 4, 'A'),
('ST3786', 1, '8ภพ2419', 4, 'A'),
('650059', 2, '2กน5161', 2, 'A'),
('RT0214', 1, '9กฮ8320', 4, 'A'),
('ST2809', 1, '1ขฎ4537', 4, 'A'),
('587026', 2, 'ขจ4736', 3, 'A'),
('587026', 1, 'กค9242', 4, 'A'),
('RT0170', 1, '3กฐ805', 4, 'A'),
('St0580', 1, '4ขท8650', 4, 'A'),
('650057', 1, '1กก430', 4, 'A'),
('PC0000', 2, 'ผธ1527', 3, 'A'),
('ST3859', 1, '5กฌ9727', 4, 'A'),
('650021', 1, '3ขว8095', 4, 'A'),
('ST2000', 1, '6กฉ499', 4, 'A'),
('ST3801', 1, '4กส6728', 4, 'A'),
('PT0573', 1, '4กด6688', 4, 'A'),
('RT0128', 1, '1กฐ1896', 4, 'A'),
('442061', 1, 'สนต273', 4, 'A'),
('ST3109', 1, 'ขขก296', 4, 'A'),
('597516', 1, 'ขวต38', 4, 'A'),
('PT0132', 1, '3ขฉ4631', 4, 'A'),
('PT0132', 1, 'อนก823', 4, 'A'),
('RT0157', 1, '2ขช5416', 4, 'A'),
('640079', 1, 'ยทธ972', 4, 'A'),
('RT0302', 1, '2กข8909', 4, 'A'),
('PT0371', 1, 'ฬจค366', 4, 'A'),
('PT0562', 1, '1กก8054', 4, 'A'),
('640059', 1, '1กด4721', 4, 'A'),
('587400', 1, 'กตต992', 4, 'A'),
('ST0964', 1, '3ขต4192', 4, 'A'),
('ST3550', 2, '5กง3043', 3, 'A'),
('ST2914', 1, '1กช7856', 4, 'A'),
('514454', 2, '2กช1094', 3, 'A'),
('PT0334', 1, '1กฮ9534', 4, 'A'),
('PT0307', 1, '1กภ8689', 4, 'A'),
('ST3207', 1, '1กว 8380', 4, 'A'),
('PT0450', 1, '2ขฮ5657', 4, 'A'),
('ST2120', 1, 'วธม694', 4, 'A'),
('ST3182', 2, 'กว382', 3, 'A'),
('ST3183', 1, '1กภ2462', 4, 'A'),
('ST3768', 1, '1กง5502', 4, 'A'),
('ST3543', 1, '1กท2983', 4, 'A'),
('ST1909', 1, '2ขฌ3197', 4, 'A'),
('RT0367', 1, '3ขบ85', 4, 'A'),
('ST3269', 1, '4ขพ4044', 4, 'A'),
('597429', 1, '2ขษ3330', 4, 'A'),
('534912', 1, '2ขญ2454', 4, 'A'),
('PT0212', 1, '2ขฬ3045', 4, 'A'),
('ST3904', 1, 'ขรก821', 4, 'A'),
('B413144', 2, '1ฒม9957', 2, 'A'),
('ST1974', 1, 'ขขน872', 4, 'A'),
('ST0910', 1, '2ขฐ8668', 4, 'A'),
('628915', 2, '7กฮ3709', 3, 'A'),
('628915', 1, '4กก7391', 4, 'A'),
('620474', 1, '5กง8093', 4, 'A'),
('ST3380', 1, '2ขส5951', 4, 'A'),
('PT0623', 1, '7กบ7578', 4, 'A'),
('RT0442', 2, '5กน3576', 3, 'A'),
('597481', 2, 'กบ7808', 3, 'A'),
('PT0400', 1, 'ฬคพ518', 4, 'A'),
('RT0409', 2, 'กค9741', 3, 'A'),
('PT0088', 1, '2ขต1112', 4, 'A'),
('ST3261', 1, '2ขจ7246', 4, 'A'),
('ST2434', 1, 'ขจ6883', 4, 'A'),
('ST2693', 1, '1ขด7897', 4, 'A'),
('ST3418', 2, 'ผฉ8645', 3, 'A'),
('ST3418', 1, '3ขฌ367', 4, 'A'),
('PC0000', 1, '1กจ1515', 4, 'A'),
('ST3102', 1, '1กก3518', 4, 'A'),
('650002', 2, '1ขพ816', 2, 'A'),
('ST2736', 1, '4กถ6263', 4, 'A'),
('620356', 1, '1ขจ3318', 4, 'A'),
('576839', 1, '2กฌ4197', 4, 'A'),
('ST2458', 1, '3ขต357', 4, 'A'),
('ST3284', 1, '1กญ8590', 4, 'A'),
('650017', 1, '1กก21', 4, 'A'),
('M63009', 1, '2กต5124', 4, 'A'),
('PT0625', 1, 'ขนษ976', 4, 'A'),
('ST2338', 1, '1กค3842', 4, 'A'),
('640055', 1, '7กค4530', 4, 'A'),
('640093', 1, '1กจ5890', 4, 'A'),
('650007', 2, '2กฬ7136', 2, 'A'),
('ST2340', 1, '1กซ9765', 4, 'A'),
('ST2733', 1, '3กค9383', 4, 'A'),
('ST3809', 1, 'ขษฉ578', 4, 'A'),
('ST3708', 1, 'กพข907', 4, 'A'),
('PT0550', 1, '6กส6518', 4, 'A'),
('St3502', 1, 'ขจจ322', 4, 'A'),
('ST2988', 1, '1กฉ8464', 4, 'A'),
('ST2988', 2, '2ขค7723', 3, 'A'),
('ST3831', 1, '1กฏ1258', 4, 'A'),
('452411', 1, '1กฉ9385', 4, 'A'),
('650031', 1, '7กผ8252', 4, 'A'),
('PT0505', 1, '1กท195', 4, 'A'),
('608353', 1, '3ขญ8343\n', 4, 'A'),
('ST3586', 1, 'ษวข742', 4, 'A'),
('PT0314', 1, '1กต9831', 4, 'A'),
('620208', 1, '4กบ8667', 4, 'A'),
('597447', 2, '1ขฒ 4888', 2, 'A'),
('RT0183', 1, '1กฐ6584', 4, 'A'),
('RT0467', 2, 'กบ8654', 3, 'A'),
('ST0460', 1, '9กฉ3147', 4, 'A'),
('ST3535', 1, '4ขช7294', 4, 'A'),
('640057', 1, '1กก7905', 4, 'A'),
('ST3661', 1, '1กฒ7767', 4, 'A'),
('PT0509', 1, '9กภ7776', 4, 'A'),
('PT0629', 1, '3ขด685', 4, 'A'),
('ST3764', 1, 'งบฉ276', 4, 'A'),
('ST3865', 1, 'สรท947', 4, 'A'),
('RT0450', 1, '1กด5341', 4, 'A'),
('431404', 1, 'กรบ539', 4, 'A'),
('ST0393', 1, '1กช4942', 4, 'A'),
('ST2727', 1, 'สบท346', 4, 'A'),
('ST3535', 1, '4ขช7293', 4, 'A'),
('ST3539', 1, '2ขฮ7114', 4, 'A'),
('M63006', 1, '6กฒ5845', 4, 'A'),
('ST3688', 1, '6กส6578', 4, 'A'),
('ST2264', 1, '1กค468', 4, 'A'),
('650063', 2, '5กร6370', 2, 'A'),
('RT0201', 1, 'ขจว768', 4, 'A'),
('RT0386', 1, '9กง4388', 4, 'A'),
('630056', 2, '2ฒ2600', 3, 'A'),
('630056', 1, '2ขช3058', 4, 'A'),
('PT0649', 1, '1กร6008', 4, 'A'),
('ST3996', 1, '1กฉ1406', 4, 'A'),
('ST2102', 1, '5ตก440', 4, 'A'),
('RT0451', 1, '1กผ2466', 4, 'A'),
('555603', 2, 'ขข309', 3, 'A'),
('ST3463', 1, 'ยวฉ441', 4, 'A'),
('650083', 2, 'งล4640', 2, 'A'),
('PT0660', 2, 'ผต1922', 3, 'A'),
('442151', 1, '4ขษ8486', 4, 'A'),
('650084', 1, '4ขธ7963', 4, 'A'),
('650084', 2, '1กฉ7963', 2, 'A'),
('RT0523', 2, 'กง5647 ', 3, 'A'),
('650090', 2, '3ขง8751', 2, 'A'),
('ST0804', 1, '4ขท5644', 4, 'A'),
('ST3997', 2, 'กอ5116', 3, 'A'),
('ST3291', 1, '4ขฮ9356', 4, 'A'),
('SC9999', 2, '2กถ2553', 3, 'A'),
('RT0543', 1, '3ขถ7805', 4, 'A'),
('ST3222', 2, '2ฒฒ4562', 3, 'A'),
('ST4093', 1, '1กญ6480', 4, 'A'),
('ST2448', 1, '4ขค3291', 4, 'A'),
('ST5093', 2, '2ขพ1352', 3, 'A'),
('ST5105', 2, '2กก7823', 3, 'A'),
('ST5073', 2, 'กท4608', 3, 'A'),
('PT0696', 1, '1กฒ7151', 4, 'A'),
('650102', 2, 'กก5015', 2, 'A'),
('ST4069', 1, '2กฬ2099', 4, 'A'),
('ST5110', 1, '1กญ7225', 4, 'A'),
('PT0700', 1, '1กง9397', 4, 'A'),
('PT0544', 2, 'กษ6566', 3, 'A'),
('RT0604', 2, 'กต7222', 3, 'A'),
('650048', 2, '2ขฒ9525', 2, 'A'),
('ST3954', 1, '2กย8098', 4, 'A'),
('ST3702', 1, '1กฌ7033', 4, 'A'),
('ST4028', 1, 'ขขข772', 4, 'A'),
('650104', 2, 'หฎ6121', 2, 'A'),
('ST5155', 2, 'ยน454', 3, 'A'),
('ST5033', 1, '7กอ837', 4, 'A'),
('ST3218', 1, '1กท7901', 4, 'A'),
('ST3348', 1, '2กค3941', 4, 'A'),
('ST2170', 1, 'ฬยน948', 4, 'A'),
('ST3118', 1, '1กฎ6615', 4, 'A'),
('ST3882', 1, '1กด2230', 4, 'A'),
('650087', 2, '5กพ6545', 2, 'A'),
('514303', 1, 'วนง719', 4, 'A'),
('650081', 1, '1กจ6002', 4, 'A'),
('RT0544', 1, 'อษต982', 4, 'A'),
('ST3741', 2, 'ยธ5704', 3, 'A'),
('ST3741', 1, '1กง9607', 4, 'A'),
('576883', 2, 'บฉ2912', 3, 'A'),
('628951', 1, 'มค810', 4, 'A'),
('630049', 1, '1กฐ9639', 4, 'A'),
('ST5129', 2, '4ขอ6055', 3, 'A'),
('576317', 2, '2ขท4055', 3, 'A'),
('503944', 2, '3ขฆ2284', 2, 'A'),
('RT0474', 1, '3ขธ4970', 4, 'A'),
('ST3124', 2, 'ญธ6322', 3, 'A'),
('RT0485', 2, '4กญ4701', 3, 'A'),
('ST2620', 1, 'สลว732', 4, 'A'),
('ST3521', 2, 'ผน9859', 3, 'A'),
('RT0572', 1, '1กช4324', 4, 'A'),
('RT0572', 2, '9กฬ8466', 3, 'A'),
('RT0517', 1, '2ขฒ9366', 4, 'A'),
('640032', 1, '2ขน8697', 4, 'A'),
('PT0298', 1, '1กช2733', 4, 'A'),
('640021', 2, 'กบ186', 2, 'A'),
('A64012', 2, 'ชบ5459', 3, 'A'),
('650034', 1, '2ขว7020', 4, 'A'),
('650099', 2, 'ฎว7808', 2, 'A'),
('RT0486', 1, 'ฬสจ403', 4, 'A'),
('RT0433', 1, '1กฌ7400', 4, 'A'),
('620425', 1, 'วพน224', 4, 'A'),
('Rt0191', 1, '1กน2675', 4, 'A'),
('A64002', 2, '1ขร4727', 3, 'A'),
('A64002', 1, '1ขข9406', 4, 'A'),
('565999', 1, '4ขฒ2224', 4, 'A'),
('B534447', 1, '3ขฐ7052', 4, 'A'),
('ST5077', 2, 'บษ7680', 3, 'A'),
('PT0707', 1, '2กท214', 4, 'A'),
('597660', 2, '4กธ7650', 3, 'A'),
('ST5057', 1, '8กบ2875', 4, 'A'),
('M64009', 1, 'ฬพฉ745', 4, 'A'),
('ST5179', 2, 'ฆณ7776', 3, 'A'),
('PT0713', 1, '2ขอ3346', 4, 'A'),
('493404', 1, '4ขญ6119', 4, 'A'),
('RT0514', 1, '1กค 2641', 4, 'A'),
('650084', 2, '2ขย873', 2, 'A'),
('ST1473', 1, '3ขจ 8337', 4, 'A'),
('650113', 2, '1ขง 9890', 2, 'A'),
('ST2792', 1, 'ขตพ407', 4, 'A'),
('ST1545', 1, '1กถ 3259', 4, 'A'),
('ST2120', 2, 'ญถ9224', 3, 'A'),
('608168', 1, '8กฉ 6527', 4, 'A'),
('PT0338', 1, '6กน6591', 4, 'A'),
('PT0625', 2, 'ก1788', 3, 'A'),
('ST2231', 1, '5ขฌ3582', 4, 'A'),
('RT0041', 1, '4ขภ 2799', 4, 'A'),
('650117', 2, 'ฎผ7029', 2, 'A'),
('PT0668', 1, '1กท3769', 4, 'A'),
('650109', 2, 'ขข8380', 2, 'A'),
('RT0514', 1, '1กค2641', 4, 'A'),
('RT0514', 1, '7กค2641', 4, 'A'),
('650107', 1, 'ขงจ563', 4, 'A'),
('RT0640', 2, '3กภ9230', 3, 'A'),
('RT0652', 2, 'กจ5376', 3, 'A'),
('ST3254', 1, 'ฬนส401', 4, 'A'),
('ST2207', 1, 'อตส16', 4, 'A'),
('ST5199', 1, '2กฉ1377', 4, 'A');

-- --------------------------------------------------------

--
-- Table structure for table `reason`
--

CREATE TABLE `reason` (
  `ID` int(11) NOT NULL,
  `Detail` varchar(50) NOT NULL
) ENGINE=InnoDB DEFAULT CHARSET=utf8mb4;

--
-- Dumping data for table `reason`
--

INSERT INTO `reason` (`ID`, `Detail`) VALUES
(1, 'ออกใหม่'),
(2, 'สูญหาย');

-- --------------------------------------------------------

--
-- Table structure for table `receive_qrcode`
--

CREATE TABLE `receive_qrcode` (
  `Employee_ID` varchar(50) NOT NULL
) ENGINE=InnoDB DEFAULT CHARSET=utf8mb4;

-- --------------------------------------------------------

--
-- Table structure for table `receive_sticker`
--

CREATE TABLE `receive_sticker` (
  `ID` int(11) NOT NULL,
  `Employee_ID` varchar(50) NOT NULL,
  `WhenDate` date NOT NULL,
  `Reason` int(11) NOT NULL,
  `Recipient` varchar(50) NOT NULL
) ENGINE=InnoDB DEFAULT CHARSET=utf8mb4;

--
-- Dumping data for table `receive_sticker`
--

INSERT INTO `receive_sticker` (`ID`, `Employee_ID`, `WhenDate`, `Reason`, `Recipient`) VALUES
(1, '380525', '2563-10-07', 1, 'ธรณ์'),
(2, '370510', '2563-10-07', 1, 'อมลรัตน์'),
(3, '618843', '2563-10-07', 1, 'ชัยวัฒน์'),
(4, '618845', '2563-10-07', 1, 'จิรสุดา'),
(5, '650069', '2563-10-07', 1, 'นพดล'),
(6, '620500', '2563-10-07', 1, 'นิกร'),
(7, '514075', '2563-10-07', 1, 'สมิธ'),
(8, '452319', '2563-10-07', 1, 'ศิริพร'),
(9, '597437', '2563-10-07', 1, 'กัญชลา'),
(10, '442016', '2563-10-07', 1, 'ดวงดาว(แทน)'),
(11, '597451', '2563-10-07', 1, 'ณัฐรดา(แทน)'),
(12, '441802', '2563-10-07', 1, 'ภักดี'),
(13, '442055', '2563-10-07', 1, 'วิทิต'),
(14, '421268', '2563-10-07', 1, 'ทยากร'),
(15, '472786', '2563-07-13', 1, 'นุชจรินทร์'),
(16, '608120', '2563-07-13', 1, 'จิรโชติ'),
(17, '608068', '2563-10-07', 1, 'โสพิณ(แทน)'),
(18, '618844', '2563-07-15', 1, 'ยอดฟ้า'),
(19, '545152', '2563-07-15', 1, 'มิเชล'),
(20, 'B393141', '2563-10-07', 1, 'ไพรโรจน์'),
(21, '390954', '2563-07-17', 1, 'เตือน'),
(22, 'B534447', '2563-07-13', 1, 'ยุวันดา'),
(23, '483127', '2563-07-13', 1, 'พัชรา'),
(24, '620264', '2563-07-13', 1, 'ศราวุธ'),
(25, '597446', '2563-07-17', 1, 'วัชรินทร์'),
(26, '597406', '2563-01-07', 1, 'จิรานุตร'),
(27, '545469', '2563-07-16', 1, 'กิจจา(แทน)'),
(28, '597794', '0000-00-00', 1, 'nan'),
(29, '545151', '2563-07-16', 1, 'คาวี(แทน)'),
(30, '620508', '0000-00-00', 1, 'nan'),
(31, '534928', '2563-07-16', 1, 'วิชชยา'),
(32, '597590', '2563-07-14', 1, 'เดชา'),
(33, '597853', '2563-07-14', 1, 'วรวิทย์'),
(34, '472914', '2563-07-16', 1, 'สินีนาถ(แทน)'),
(35, '555785', '0000-00-00', 1, 'nan'),
(36, '597549', '2563-06-14', 1, 'ศรารัตน์'),
(37, '608371', '2563-07-16', 1, 'พชร'),
(38, '620292', '2563-07-14', 1, 'นิตยา'),
(39, '370422', '2563-07-16', 1, 'สินีนาถ(แทน)'),
(40, '483309', '2563-07-15', 1, 'กังสดาล'),
(41, '618603', '2563-07-16', 1, 'บุรินทร์'),
(42, '493534', '2563-07-16', 1, 'สินีนาถ(แทน)'),
(43, '483206', '2563-07-17', 1, 'นันทพล'),
(44, '576780', '2563-07-14', 1, 'จิตสุภา'),
(45, '483282', '2563-07-16', 1, 'สินีนาถ(แทน)'),
(46, '452320', '2563-07-16', 1, 'สินีนาถ(แทน)'),
(47, '608070', '2563-07-16', 1, 'อนุสรา(แทน)'),
(48, '597821', '2563-07-13', 1, 'อารี'),
(49, 'B413139', '2563-07-16', 1, 'สินีนาถ(แทน)'),
(50, '566007', '2563-07-14', 1, 'วราวุฒิ'),
(51, '442061', '2563-07-16', 1, 'ณัฐรดา'),
(52, '431407', '2563-07-16', 1, 'สินีนาถ(แทน)'),
(53, '618834', '2563-07-14', 1, 'นันทรัตน์'),
(54, '472665', '2563-07-16', 1, 'สินีนาถ(แทน)'),
(55, '620501', '0000-00-00', 1, 'nan'),
(56, '608075', '2563-07-14', 1, 'สมโภช'),
(57, 'B620110', '2563-07-16', 1, 'สินีนาถ(แทน)'),
(58, '587153', '2563-07-13', 1, 'เพ็ชรี'),
(59, '620510', '2563-07-16', 1, 'ดนัย'),
(60, 'B483332', '2563-07-16', 1, 'ปรัชญา'),
(61, '472841', '2563-07-16', 1, 'สุริยัณ'),
(62, '421275', '2563-07-16', 1, 'สุขุมาล'),
(63, '608085', '2563-07-15', 1, 'โสพิณ(แทน)'),
(64, '620225', '2563-07-16', 1, 'คาวี'),
(65, '370456', '2563-07-16', 1, 'นพนนท์'),
(66, '576529', '2563-07-16', 1, 'ศราวุฒิ'),
(67, '608093', '2563-07-15', 1, 'โสพิณ(แทน)'),
(68, '608353', '2563-07-16', 1, 'คมสรรค์'),
(69, '350132', '0000-00-00', 1, 'ธาตรี'),
(70, '452415', '2563-07-16', 1, 'สมยศ'),
(71, '441766', '2563-07-16', 1, 'สมบัติ'),
(72, '431360', '2563-07-16', 1, 'สัณย์ชัย'),
(73, '608083', '2563-07-15', 1, 'โสพิณ'),
(74, '380701', '2563-07-16', 1, 'กิจจา'),
(75, '587315', '2563-07-16', 1, 'ปิยะชนก'),
(76, '534733', '2563-07-16', 1, 'อนุสรา(แทน)'),
(77, '503829', '2563-07-16', 1, 'อนุสรา(แทน)'),
(78, '391028', '2563-07-16', 1, 'ณรงค์ศักดิ์'),
(79, '597439', '2563-07-16', 1, 'อนุสรา(แทน)'),
(80, '597429', '2563-07-16', 1, 'สหรัฐ'),
(81, '483109', '2563-07-20', 1, 'นันตพร'),
(82, '431620', '2563-07-20', 1, 'นันตพร'),
(83, '514480', '2563-07-16', 1, 'เสนีย์'),
(84, '597723', '2563-07-20', 1, 'ศักดิ์ดา'),
(85, '360346', '2563-07-16', 1, 'นิคม'),
(86, '620507', '2563-07-16', 1, 'อนุสรา(แทน)'),
(87, '350148', '2563-07-16', 1, 'วรางคณา'),
(88, '401101', '2563-07-16', 1, 'บัญชา'),
(89, '587087', '2563-07-16', 1, 'สิทธิชัย'),
(90, '576642', '2563-07-16', 1, 'ถติพร'),
(91, '597581', '2563-07-15', 1, 'ธนวัฒน์'),
(92, '608054', '2563-07-15', 1, 'โสพิณ(แทน)'),
(93, '360326', '2563-07-15', 1, 'ศิริรัตน์'),
(94, '608295', '2563-07-16', 1, 'นรัฐ'),
(95, '514218', '0000-00-00', 1, 'nan'),
(96, '597790', '2563-07-15', 1, 'กัญญาภัค'),
(97, '608044', '2563-07-15', 1, 'โสพิณ(แทน)'),
(98, '401131', '2563-07-16', 1, 'อนุสรา(แทน)'),
(99, '608084', '2563-07-15', 1, 'โสพิณ(แทน)'),
(100, '576664', '2563-07-17', 1, 'บุบผา'),
(101, '576883', '2563-07-20', 1, 'วิรัตน์'),
(102, '597493', '2563-07-16', 1, 'คาวี(แทน)'),
(103, '545087', '2563-07-16', 1, 'สมปอง'),
(104, '390937', '0000-00-00', 1, 'มาลัย'),
(105, '390956', '0000-00-00', 1, 'ศิริรัตน์(แทน)'),
(106, '431396', '0000-00-00', 1, 'nan'),
(107, '566037', '0000-00-00', 1, 'พัลลภ'),
(108, '370458', '0000-00-00', 1, 'วันเพ็ญ'),
(109, '545116', '0000-00-00', 1, 'nan'),
(110, '390831', '0000-00-00', 1, 'ศิริรัตน์(แทน)'),
(111, '452411', '0000-00-00', 1, 'สุริรณ'),
(112, '472697', '0000-00-00', 1, 'ณัฐชยา'),
(113, '441833', '0000-00-00', 1, 'สุภาพร'),
(114, '503747', '0000-00-00', 1, 'สุริรณ'),
(115, '628852', '0000-00-00', 1, 'สมหมาย'),
(116, '597856', '0000-00-00', 1, 'ไพโรจน์'),
(117, '441939', '0000-00-00', 1, 'วัลลภ'),
(118, '350141', '0000-00-00', 1, 'สหรัฐ(แทน)'),
(119, '350183', '0000-00-00', 1, 'nan'),
(120, '390903', '0000-00-00', 1, 'nan'),
(121, '390867', '0000-00-00', 1, 'nan'),
(122, '630042', '0000-00-00', 1, 'nan'),
(123, '608096', '0000-00-00', 1, 'nan'),
(124, '370480', '0000-00-00', 1, 'nan'),
(125, '620327', '0000-00-00', 1, 'nan'),
(126, '514459', '0000-00-00', 1, 'nan'),
(127, '597540', '0000-00-00', 1, 'nan'),
(128, '360255', '0000-00-00', 1, 'nan'),
(129, '441908', '0000-00-00', 1, 'nan'),
(130, '452435', '0000-00-00', 1, 'nan'),
(131, '360247', '0000-00-00', 1, 'nan'),
(132, '545106', '0000-00-00', 1, 'nan'),
(133, '608038', '0000-00-00', 1, 'nan'),
(134, '628848', '0000-00-00', 1, 'nan'),
(135, '598001', '0000-00-00', 1, 'nan'),
(136, 'B473329', '0000-00-00', 1, 'nan'),
(137, '401080', '0000-00-00', 1, 'nan'),
(138, '555906', '0000-00-00', 1, 'nan'),
(139, '441923', '0000-00-00', 1, 'nan'),
(140, '576839', '0000-00-00', 1, 'nan'),
(141, '442175', '0000-00-00', 1, 'nan'),
(142, '493353', '0000-00-00', 1, 'nan'),
(143, '576340', '0000-00-00', 1, 'nan'),
(144, '608145', '0000-00-00', 1, 'nan'),
(145, '608147', '0000-00-00', 1, 'nan'),
(146, '620421', '0000-00-00', 1, 'nan'),
(147, '555603', '0000-00-00', 1, 'nan'),
(148, '586972', '0000-00-00', 1, 'nan'),
(149, '576535', '0000-00-00', 1, 'nan'),
(150, '618806', '0000-00-00', 1, 'nan'),
(151, '483046', '0000-00-00', 1, 'nan'),
(152, '360217', '0000-00-00', 1, 'nan'),
(153, '618806', '0000-00-00', 1, 'nan'),
(154, '597537', '0000-00-00', 1, 'nan'),
(155, '587293', '0000-00-00', 1, 'nan'),
(156, '576475', '0000-00-00', 1, 'nan'),
(157, '618741', '0000-00-00', 1, 'nan'),
(158, '411148', '0000-00-00', 1, 'nan'),
(159, '493372', '0000-00-00', 1, 'nan'),
(160, '566198', '0000-00-00', 1, 'nan'),
(161, '380535', '0000-00-00', 1, 'nan'),
(162, '597413', '0000-00-00', 1, 'nan'),
(163, '360275', '0000-00-00', 1, 'nan'),
(164, '576431', '0000-00-00', 1, 'nan'),
(165, '630040', '0000-00-00', 1, 'nan'),
(166, '586969', '0000-00-00', 1, 'nan'),
(167, '441902', '0000-00-00', 1, 'nan'),
(168, '431704', '0000-00-00', 1, 'nan'),
(169, '620430', '0000-00-00', 1, 'nan'),
(170, '472841', '0000-00-00', 1, 'nan'),
(171, '503902', '0000-00-00', 1, 'nan'),
(172, '360201', '0000-00-00', 1, 'nan'),
(173, '597839', '0000-00-00', 1, 'nan'),
(174, '534808', '0000-00-00', 1, 'nan'),
(175, '566032', '0000-00-00', 1, 'nan'),
(176, '597465', '0000-00-00', 1, 'nan'),
(177, '493458', '0000-00-00', 1, 'nan'),
(178, '576529', '2563-07-29', 1, 'รุ่ง (แทน)'),
(179, '360203', '0000-00-00', 1, 'nan'),
(180, '514185', '0000-00-00', 1, 'nan'),
(181, '608093', '0000-00-00', 1, 'nan'),
(182, '483180', '0000-00-00', 1, 'nan'),
(183, '452343', '0000-00-00', 1, 'nan'),
(184, '576528', '0000-00-00', 1, 'nan'),
(185, '452406', '0000-00-00', 1, 'nan'),
(186, '620163', '0000-00-00', 1, 'nan'),
(187, '618658', '0000-00-00', 1, 'nan'),
(188, '493519', '0000-00-00', 1, 'nan'),
(189, '431704', '0000-00-00', 1, 'nan'),
(190, '493607', '0000-00-00', 1, 'nan'),
(191, '472832', '0000-00-00', 1, 'nan'),
(192, '534733', '0000-00-00', 1, 'nan'),
(193, '503829', '0000-00-00', 1, 'nan'),
(194, '452321', '0000-00-00', 1, 'nan'),
(195, '401065', '0000-00-00', 1, 'nan'),
(196, '565969', '0000-00-00', 1, 'nan'),
(197, '380716', '0000-00-00', 1, 'nan'),
(198, '360204', '0000-00-00', 1, 'nan'),
(199, '620218', '0000-00-00', 1, 'nan'),
(200, '608071', '0000-00-00', 1, 'nan'),
(201, '555919', '0000-00-00', 1, 'nan'),
(202, '628952', '0000-00-00', 1, 'nan'),
(203, '545469', '0000-00-00', 1, 'nan'),
(204, '431620', '0000-00-00', 1, 'nan'),
(205, '597518', '0000-00-00', 1, 'nan'),
(206, '618715', '0000-00-00', 1, 'nan'),
(207, '545235', '0000-00-00', 1, 'nan'),
(208, '514144', '0000-00-00', 1, 'nan'),
(209, '608243', '0000-00-00', 1, 'nan'),
(210, '431335', '0000-00-00', 1, 'nan'),
(211, '597415', '0000-00-00', 1, 'nan'),
(212, '597723', '0000-00-00', 1, 'nan'),
(213, '360346', '0000-00-00', 1, 'nan'),
(214, '620171', '0000-00-00', 1, 'nan'),
(215, '370458', '0000-00-00', 1, 'nan'),
(216, '620507', '0000-00-00', 1, 'nan'),
(217, '587315', '0000-00-00', 1, 'nan'),
(218, '360264', '0000-00-00', 1, 'nan'),
(219, '608245', '0000-00-00', 1, 'nan'),
(220, '620462', '0000-00-00', 1, 'nan'),
(221, '441844', '0000-00-00', 1, 'nan'),
(222, '493548', '0000-00-00', 1, 'nan'),
(223, '441948', '0000-00-00', 1, 'nan'),
(224, '566188', '0000-00-00', 1, 'nan'),
(225, '565950', '0000-00-00', 1, 'nan'),
(226, '534633', '0000-00-00', 1, 'nan'),
(227, '503865', '0000-00-00', 1, 'nan'),
(228, '608062', '0000-00-00', 1, 'nan'),
(229, '587087', '0000-00-00', 1, 'nan'),
(230, '483216', '0000-00-00', 1, 'nan'),
(231, '587273', '0000-00-00', 1, 'nan'),
(232, '350056', '0000-00-00', 1, 'nan'),
(233, '442004', '0000-00-00', 1, 'nan'),
(234, '565999', '0000-00-00', 1, 'nan'),
(235, '401131', '0000-00-00', 1, 'nan'),
(236, '597581', '0000-00-00', 1, 'nan'),
(237, '608295', '0000-00-00', 1, 'nan'),
(238, '566156', '0000-00-00', 1, 'nan'),
(239, '618603', '0000-00-00', 1, 'nan'),
(240, '587244', '0000-00-00', 1, 'nan'),
(241, '360344', '0000-00-00', 1, 'nan'),
(242, '618846', '0000-00-00', 1, 'nan'),
(243, '431414', '0000-00-00', 1, 'nan'),
(244, '555727', '0000-00-00', 1, 'nan'),
(245, '380616', '0000-00-00', 1, 'nan'),
(246, '493454', '0000-00-00', 1, 'nan'),
(247, '370498', '0000-00-00', 1, 'nan'),
(248, '576483', '0000-00-00', 1, 'nan'),
(249, '597493', '0000-00-00', 1, 'nan'),
(250, '576397', '0000-00-00', 1, 'nan'),
(251, '608189', '0000-00-00', 1, 'nan'),
(252, '545087', '0000-00-00', 1, 'nan'),
(253, '441982', '0000-00-00', 1, 'nan'),
(254, '620341', '0000-00-00', 1, 'nan'),
(255, '586937', '0000-00-00', 1, 'nan'),
(256, '620208', '0000-00-00', 1, 'nan'),
(257, '483185', '0000-00-00', 1, 'nan'),
(258, '597796', '0000-00-00', 1, 'nan'),
(259, '452494', '0000-00-00', 1, 'nan'),
(260, '608137', '0000-00-00', 1, 'nan'),
(261, '587297', '0000-00-00', 1, 'nan'),
(262, '555812', '0000-00-00', 1, 'nan'),
(263, '620187', '0000-00-00', 1, 'nan'),
(264, '608104', '0000-00-00', 1, 'nan'),
(265, '608281', '0000-00-00', 1, 'nan'),
(266, '587390', '0000-00-00', 1, 'nan'),
(267, '587268', '0000-00-00', 1, 'nan'),
(268, '350147', '0000-00-00', 1, 'nan'),
(269, '597660', '0000-00-00', 1, 'nan'),
(270, '608037', '0000-00-00', 1, 'nan'),
(271, '390831', '0000-00-00', 1, 'nan'),
(272, '472661', '0000-00-00', 1, 'nan'),
(273, '620452', '0000-00-00', 1, 'nan'),
(274, '620357', '0000-00-00', 1, 'nan'),
(275, '452460', '0000-00-00', 1, 'nan'),
(276, '576381', '0000-00-00', 1, 'nan'),
(277, '472697', '0000-00-00', 1, 'nan'),
(278, '620406', '0000-00-00', 1, 'nan'),
(279, '441833', '0000-00-00', 1, 'nan'),
(280, '503747', '0000-00-00', 1, 'nan'),
(281, '514303', '0000-00-00', 1, 'nan'),
(282, '452440', '0000-00-00', 1, 'nan'),
(283, '401080', '0000-00-00', 1, 'nan'),
(284, '597856', '0000-00-00', 1, 'nan'),
(285, '514055', '0000-00-00', 1, 'nan'),
(286, '587128', '0000-00-00', 1, 'nan'),
(287, '628951', '0000-00-00', 1, 'nan'),
(288, '608515', '0000-00-00', 1, 'nan'),
(289, '401093', '0000-00-00', 1, 'nan'),
(290, '597968', '0000-00-00', 1, 'nan'),
(291, '462584', '0000-00-00', 1, 'nan'),
(292, '380671', '0000-00-00', 1, 'nan'),
(293, '390956', '0000-00-00', 1, 'nan'),
(294, '360238', '0000-00-00', 1, 'nan'),
(295, '390903', '0000-00-00', 1, 'nan'),
(296, '350102', '0000-00-00', 1, 'nan'),
(297, '370456', '0000-00-00', 1, 'nan'),
(298, '493595', '0000-00-00', 1, 'nan'),
(299, '587128', '0000-00-00', 1, 'nan'),
(300, '618775', '0000-00-00', 1, 'nan'),
(301, '620155', '0000-00-00', 1, 'nan'),
(302, '390915', '0000-00-00', 1, 'nan'),
(303, '390867', '0000-00-00', 1, 'nan'),
(304, '514146', '0000-00-00', 1, 'nan'),
(305, '587026', '0000-00-00', 1, 'nan'),
(306, '380767', '0000-00-00', 1, 'nan'),
(307, '360218', '0000-00-00', 1, 'nan'),
(308, '620327', '0000-00-00', 1, 'nan'),
(309, '608070', '0000-00-00', 1, 'nan'),
(310, '566102', '0000-00-00', 1, 'nan'),
(311, '545343', '0000-00-00', 1, 'nan'),
(312, '452321', '0000-00-00', 1, 'nan'),
(313, '628855', '0000-00-00', 1, 'nan'),
(314, '462588', '0000-00-00', 1, 'nan'),
(315, '545431', '0000-00-00', 1, 'nan'),
(316, '608154', '0000-00-00', 1, 'nan'),
(317, '608435', '0000-00-00', 1, 'nan'),
(318, '360255', '0000-00-00', 1, 'nan'),
(319, '360220', '0000-00-00', 1, 'nan'),
(320, '441908', '0000-00-00', 1, 'nan'),
(321, '628979', '0000-00-00', 1, 'nan'),
(322, '576830', '0000-00-00', 1, 'nan'),
(323, '421245', '0000-00-00', 1, 'nan'),
(324, '620271', '0000-00-00', 1, 'nan'),
(325, '514190', '0000-00-00', 1, 'nan'),
(326, '493423', '0000-00-00', 1, 'nan'),
(327, '441824', '0000-00-00', 1, 'nan'),
(328, '350166', '0000-00-00', 1, 'nan'),
(329, '620494', '0000-00-00', 1, 'nan'),
(330, '566014', '0000-00-00', 1, 'nan'),
(331, '452435', '0000-00-00', 1, 'nan'),
(332, '514215', '0000-00-00', 1, 'nan'),
(333, '608164', '0000-00-00', 1, 'nan'),
(334, '360247', '0000-00-00', 1, 'nan'),
(335, '576457', '0000-00-00', 1, 'nan'),
(336, '597439', '0000-00-00', 1, 'nan'),
(337, '597929', '0000-00-00', 1, 'nan'),
(338, '620191', '0000-00-00', 1, 'nan'),
(339, '370482', '0000-00-00', 1, 'nan'),
(340, '555781', '0000-00-00', 1, 'nan'),
(341, '452433', '0000-00-00', 1, 'nan'),
(342, '504039', '0000-00-00', 1, 'nan'),
(343, '370440', '0000-00-00', 1, 'nan'),
(344, '566210', '0000-00-00', 1, 'nan'),
(345, '565953', '0000-00-00', 1, 'nan'),
(346, '618826', '0000-00-00', 1, 'nan'),
(347, '608243', '0000-00-00', 1, 'nan'),
(348, '608103', '0000-00-00', 1, 'nan'),
(349, '421298', '0000-00-00', 1, 'nan'),
(350, '618745', '0000-00-00', 1, 'nan'),
(351, '441865', '0000-00-00', 1, 'nan'),
(352, '401061', '0000-00-00', 1, 'nan'),
(353, '620311', '0000-00-00', 1, 'nan'),
(354, '535010', '0000-00-00', 1, 'nan'),
(355, '452399', '0000-00-00', 1, 'nan'),
(356, '441923', '0000-00-00', 1, 'nan'),
(357, '576839', '0000-00-00', 1, 'nan'),
(358, '587257', '0000-00-00', 1, 'nan'),
(359, '620341', '0000-00-00', 1, 'nan'),
(360, '411160', '0000-00-00', 1, 'nan'),
(361, '586975', '0000-00-00', 1, 'nan'),
(362, '597610', '0000-00-00', 1, 'nan'),
(363, '442175', '0000-00-00', 1, 'nan'),
(364, '587002', '0000-00-00', 1, 'nan'),
(365, '391050', '0000-00-00', 1, 'nan'),
(366, '514480', '0000-00-00', 1, 'nan'),
(367, '503910', '0000-00-00', 1, 'nan'),
(368, '608532', '0000-00-00', 1, 'nan'),
(369, '620438', '0000-00-00', 1, 'nan'),
(370, '620421', '0000-00-00', 1, 'nan'),
(371, '587050', '0000-00-00', 1, 'nan'),
(372, '555603', '0000-00-00', 1, 'nan'),
(373, '441872', '0000-00-00', 1, 'nan'),
(374, '608461', '0000-00-00', 1, 'nan'),
(375, '534808', '0000-00-00', 1, 'nan'),
(376, '534633', '0000-00-00', 1, 'nan'),
(377, '587296', '0000-00-00', 1, 'nan'),
(378, '360217', '0000-00-00', 1, 'nan'),
(379, '503653', '0000-00-00', 1, 'nan'),
(380, '370482', '0000-00-00', 1, 'nan'),
(381, '620448', '0000-00-00', 1, 'nan'),
(382, '628887', '0000-00-00', 1, 'nan'),
(383, '380676', '0000-00-00', 1, 'nan'),
(384, '620474', '0000-00-00', 1, 'nan'),
(385, '620192', '0000-00-00', 1, 'nan'),
(386, '620336', '0000-00-00', 1, 'nan'),
(387, '587391', '0000-00-00', 1, 'nan'),
(388, '390991', '0000-00-00', 1, 'nan'),
(389, '587293', '0000-00-00', 1, 'nan'),
(390, '472686', '0000-00-00', 1, 'nan'),
(391, '620424', '0000-00-00', 1, 'nan'),
(392, '576475', '0000-00-00', 1, 'nan'),
(393, '576530', '0000-00-00', 1, 'nan'),
(394, '618741', '0000-00-00', 1, 'nan'),
(395, '608123', '0000-00-00', 1, 'nan'),
(396, '493521', '0000-00-00', 1, 'nan'),
(397, '493372', '0000-00-00', 1, 'nan'),
(398, '380695', '0000-00-00', 1, 'nan'),
(399, '566171', '0000-00-00', 1, 'nan'),
(400, '441954', '0000-00-00', 1, 'nan'),
(401, '360275', '0000-00-00', 1, 'nan'),
(402, '350159', '0000-00-00', 1, 'nan'),
(403, '441891', '0000-00-00', 1, 'nan'),
(404, '401119', '0000-00-00', 1, 'nan'),
(405, '380535', '0000-00-00', 1, 'nan'),
(406, '534862', '0000-00-00', 1, 'nan'),
(407, '576340', '0000-00-00', 1, 'nan'),
(408, '586972', '0000-00-00', 1, 'nan'),
(409, '618636', '0000-00-00', 1, 'nan'),
(410, '587297', '0000-00-00', 1, 'nan'),
(411, '587296', '0000-00-00', 1, 'nan'),
(412, '608153', '0000-00-00', 1, 'nan'),
(413, '555816', '0000-00-00', 1, 'nan'),
(414, '555819', '0000-00-00', 1, 'nan'),
(415, '576747', '0000-00-00', 1, 'nan'),
(416, '576317', '0000-00-00', 1, 'nan'),
(417, '587081', '0000-00-00', 1, 'nan'),
(418, '628957', '0000-00-00', 1, 'nan'),
(419, '566045', '0000-00-00', 1, 'nan'),
(420, '482967', '0000-00-00', 1, 'nan'),
(421, '411148', '0000-00-00', 1, 'nan'),
(422, '566198', '0000-00-00', 1, 'nan'),
(423, '597808', '0000-00-00', 1, 'nan'),
(424, '380551', '0000-00-00', 1, 'nan'),
(425, '598001', '0000-00-00', 1, 'nan'),
(426, '608467', '0000-00-00', 1, 'nan'),
(427, '628855', '0000-00-00', 1, 'nan'),
(428, '483180', '0000-00-00', 1, 'nan'),
(429, '534801', '0000-00-00', 1, 'nan'),
(430, '431684', '0000-00-00', 1, 'nan'),
(431, '534633', '0000-00-00', 1, 'nan'),
(432, '608189', '0000-00-00', 1, 'nan'),
(433, '380791', '0000-00-00', 1, 'nan'),
(434, '514055', '0000-00-00', 1, 'nan'),
(435, '620438', '0000-00-00', 1, 'nan'),
(436, '628856', '0000-00-00', 1, 'nan'),
(437, '597439', '0000-00-00', 1, 'nan'),
(438, '503865', '0000-00-00', 1, 'nan'),
(439, '380547', '0000-00-00', 1, 'nan'),
(440, 'ST0460', '0000-00-00', 1, 'nan'),
(441, '630048', '0000-00-00', 1, 'nan'),
(442, '514215', '0000-00-00', 1, 'nan'),
(443, '452225', '0000-00-00', 1, 'nan'),
(444, '534915', '0000-00-00', 1, 'nan'),
(445, '566037', '0000-00-00', 1, 'nan'),
(446, 'ST0383', '0000-00-00', 1, 'nan'),
(447, 'ST0666', '0000-00-00', 1, 'nan'),
(448, 'SC0000', '0000-00-00', 1, 'nan'),
(449, '545343', '0000-00-00', 1, 'nan'),
(450, '608071', '0000-00-00', 1, 'nan'),
(451, '608168', '0000-00-00', 1, 'nan'),
(452, 'St0964', '0000-00-00', 1, 'nan'),
(453, 'ST0528', '0000-00-00', 1, 'nan'),
(454, 'ST0401', '0000-00-00', 1, 'nan'),
(455, 'ST1129', '0000-00-00', 1, 'nan'),
(456, 'ST0505', '0000-00-00', 1, 'nan'),
(457, 'ST0478', '0000-00-00', 1, 'nan'),
(458, 'ST0444', '0000-00-00', 1, 'nan'),
(459, 'ST0383', '0000-00-00', 1, 'nan'),
(460, 'ST0371', '0000-00-00', 1, 'nan'),
(461, 'ST0960', '0000-00-00', 1, 'nan'),
(462, 'ST0448', '0000-00-00', 1, 'nan'),
(463, 'ST0401', '0000-00-00', 1, 'nan'),
(464, 'ST1201', '0000-00-00', 1, 'nan'),
(465, 'ST0962', '0000-00-00', 1, 'nan'),
(466, 'ST0915', '0000-00-00', 1, 'nan'),
(467, 'ST0684', '0000-00-00', 1, 'nan'),
(468, 'St1206', '0000-00-00', 1, 'nan'),
(469, 'ST0780', '0000-00-00', 1, 'nan'),
(470, 'ST1015', '0000-00-00', 1, 'nan'),
(471, 'ST0469', '0000-00-00', 1, 'nan'),
(472, '441954', '0000-00-00', 1, 'nan'),
(473, '618826', '0000-00-00', 1, 'nan'),
(474, 'ST1059', '0000-00-00', 1, 'nan'),
(475, 'ST1059', '0000-00-00', 1, 'nan'),
(476, 'ST1545', '0000-00-00', 1, 'nan'),
(477, 'PT0010', '0000-00-00', 1, 'nan'),
(478, '608461', '0000-00-00', 1, 'nan'),
(479, 'ST1915', '0000-00-00', 1, 'nan'),
(480, '620406', '0000-00-00', 1, 'nan'),
(481, 'PT0010', '0000-00-00', 1, 'nan'),
(482, 'PT0067', '0000-00-00', 1, 'nan'),
(483, 'PT0041', '0000-00-00', 1, 'nan'),
(484, 'PT0074', '0000-00-00', 1, 'nan'),
(485, 'PT0041', '0000-00-00', 1, 'nan'),
(486, 'ST1956', '0000-00-00', 1, 'nan'),
(487, '597937', '0000-00-00', 1, 'nan'),
(488, 'ST1179', '0000-00-00', 1, 'nan'),
(489, '598001', '0000-00-00', 1, 'nan'),
(490, '555781', '0000-00-00', 1, 'nan'),
(491, 'SC9999', '0000-00-00', 1, 'nan'),
(492, 'PT0182', '0000-00-00', 1, 'nan'),
(493, 'ST1619', '0000-00-00', 1, 'nan'),
(494, 'ST1762', '0000-00-00', 1, 'nan'),
(495, 'PT0227', '0000-00-00', 1, 'nan'),
(496, 'ST0713', '0000-00-00', 1, 'nan'),
(497, 'PT0261', '0000-00-00', 1, 'nan'),
(498, 'ST0979', '0000-00-00', 1, 'nan'),
(499, '640096', '0000-00-00', 1, 'nan'),
(500, '640095', '0000-00-00', 1, 'nan'),
(501, '640096', '0000-00-00', 1, 'nan'),
(502, 'PT0087', '0000-00-00', 1, 'nan'),
(503, '640085', '0000-00-00', 1, 'nan'),
(504, '566188', '0000-00-00', 1, 'nan'),
(505, '566188', '0000-00-00', 1, 'nan'),
(506, 'ST2363', '0000-00-00', 1, 'nan'),
(507, '650008', '0000-00-00', 1, 'nan'),
(508, '620311', '0000-00-00', 1, 'nan'),
(509, 'ST3162', '0000-00-00', 1, 'nan'),
(510, 'ST3152', '0000-00-00', 1, 'nan'),
(511, 'ST1956', '0000-00-00', 1, 'nan'),
(512, '650012', '0000-00-00', 1, 'nan'),
(513, 'ST3163', '0000-00-00', 1, 'nan'),
(514, 'ST3321', '0000-00-00', 1, 'nan'),
(515, 'Rt0220', '0000-00-00', 1, 'nan'),
(516, '524501', '0000-00-00', 1, 'nan'),
(517, 'ST3368', '0000-00-00', 1, 'nan'),
(518, 'ST3358', '0000-00-00', 1, 'nan'),
(519, '620341', '0000-00-00', 1, 'nan'),
(520, 'RT0132', '0000-00-00', 1, 'nan'),
(521, 'ST3265', '0000-00-00', 1, 'nan'),
(522, 'ST3298', '0000-00-00', 1, 'nan'),
(523, 'ST3188', '0000-00-00', 1, 'nan'),
(524, 'ST3188', '0000-00-00', 1, 'nan'),
(525, '597671', '0000-00-00', 1, 'nan'),
(526, 'RT0180', '0000-00-00', 1, 'nan'),
(527, 'ST3407', '0000-00-00', 1, 'nan'),
(528, 'ST3420', '0000-00-00', 1, 'nan'),
(529, '620341', '0000-00-00', 1, 'nan'),
(530, '618806', '0000-00-00', 1, 'nan'),
(531, 'ST2436', '0000-00-00', 1, 'nan'),
(532, 'PT0548', '0000-00-00', 1, 'nan'),
(533, '620448', '0000-00-00', 1, 'nan'),
(534, '618844', '0000-00-00', 1, 'nan'),
(535, 'PT0010', '0000-00-00', 1, 'nan'),
(536, 'ST2264', '0000-00-00', 1, 'nan'),
(537, '640016', '0000-00-00', 1, 'nan'),
(538, '640016', '0000-00-00', 1, 'nan'),
(539, '431684', '0000-00-00', 1, 'nan'),
(540, 'ST2041', '0000-00-00', 1, 'nan'),
(541, '618846', '0000-00-00', 1, 'nan'),
(542, '597589', '0000-00-00', 1, 'nan'),
(543, 'ST3380', '0000-00-00', 1, 'nan'),
(544, 'ST1608', '0000-00-00', 1, 'nan'),
(545, 'ST1732', '0000-00-00', 1, 'nan'),
(546, 'ST1368', '0000-00-00', 1, 'nan'),
(547, '503829', '0000-00-00', 1, 'nan'),
(548, '503829', '0000-00-00', 1, 'nan'),
(549, '618603', '0000-00-00', 1, 'nan'),
(550, '618603', '0000-00-00', 1, 'nan'),
(551, '650028', '0000-00-00', 1, 'nan'),
(552, '650028', '0000-00-00', 1, 'nan'),
(553, '650031', '0000-00-00', 1, 'nan'),
(554, 'ST3040', '0000-00-00', 1, 'nan'),
(555, 'ST1643', '0000-00-00', 1, 'nan'),
(556, 'ST2637', '0000-00-00', 1, 'nan'),
(557, 'SC0411', '0000-00-00', 1, 'nan'),
(558, '620451', '0000-00-00', 1, 'nan'),
(559, 'ST2522', '0000-00-00', 1, 'nan'),
(560, 'ST1480', '0000-00-00', 1, 'nan'),
(561, '483309', '0000-00-00', 1, 'nan'),
(562, 'ST2917', '0000-00-00', 1, 'nan'),
(563, 'ST0371', '0000-00-00', 1, 'nan'),
(564, '620173', '0000-00-00', 1, 'nan'),
(565, 'ST0505', '0000-00-00', 1, 'nan'),
(566, 'RT0218', '0000-00-00', 1, 'nan'),
(567, '618775', '0000-00-00', 1, 'nan'),
(568, 'ST3401', '0000-00-00', 1, 'nan'),
(569, 'ST1915', '0000-00-00', 1, 'nan'),
(570, 'RC0004', '0000-00-00', 1, 'nan'),
(571, 'ST1915', '0000-00-00', 1, 'nan'),
(572, 'ST2177', '0000-00-00', 1, 'nan'),
(573, 'PT0261', '0000-00-00', 1, 'nan'),
(574, 'ST2773', '0000-00-00', 1, 'nan'),
(575, 'ST0608', '0000-00-00', 1, 'nan'),
(576, 'ST2510', '0000-00-00', 1, 'nan'),
(577, 'ST1762', '0000-00-00', 1, 'nan'),
(578, 'ST3120', '0000-00-00', 1, 'nan'),
(579, 'RT0129', '0000-00-00', 1, 'nan'),
(580, 'ST2898', '0000-00-00', 1, 'nan'),
(581, 'ST2313', '0000-00-00', 1, 'nan'),
(582, 'St2312', '0000-00-00', 1, 'nan'),
(583, 'ST3291', '0000-00-00', 1, 'nan'),
(584, 'St1497', '0000-00-00', 1, 'nan'),
(585, 'ST2142', '0000-00-00', 1, 'nan'),
(586, 'ST3050', '0000-00-00', 1, 'nan'),
(587, 'ST3050', '0000-00-00', 1, 'nan'),
(588, 'ST1915', '0000-00-00', 1, 'nan'),
(589, 'PT0163', '0000-00-00', 1, 'nan'),
(590, 'ST1330', '0000-00-00', 1, 'nan'),
(591, '441954', '0000-00-00', 1, 'nan'),
(592, '597415', '0000-00-00', 1, 'nan'),
(593, 'ST3402', '0000-00-00', 1, 'nan'),
(594, 'ST2643', '0000-00-00', 1, 'nan'),
(595, 'ST2493', '0000-00-00', 1, 'nan'),
(596, 'PC0005', '0000-00-00', 1, 'nan'),
(597, 'PC0006', '0000-00-00', 1, 'nan'),
(598, 'ST2134', '0000-00-00', 1, 'nan'),
(599, 'PT0083', '0000-00-00', 1, 'nan'),
(600, '587400', '0000-00-00', 1, 'nan'),
(601, 'ST3481', '0000-00-00', 1, 'nan'),
(602, 'B605108', '0000-00-00', 1, 'nan'),
(603, '650058', '0000-00-00', 1, 'nan'),
(604, 'PT0287', '0000-00-00', 1, 'nan'),
(605, 'RT0360', '0000-00-00', 1, 'nan'),
(606, '640024', '0000-00-00', 1, 'nan'),
(607, '555919', '0000-00-00', 1, 'nan'),
(608, 'ST3022', '0000-00-00', 1, 'nan'),
(609, '620335', '0000-00-00', 1, 'nan'),
(610, 'PT0061', '0000-00-00', 1, 'nan'),
(611, 'ST2996', '0000-00-00', 1, 'nan'),
(612, 'RT0168', '0000-00-00', 1, 'nan'),
(613, '650022', '0000-00-00', 1, 'nan'),
(614, 'ST3436', '0000-00-00', 1, 'nan'),
(615, 'PT0287', '0000-00-00', 1, 'nan'),
(616, 'ST2377', '0000-00-00', 1, 'nan'),
(617, 'PT0228', '0000-00-00', 1, 'nan'),
(618, 'ST1259', '0000-00-00', 1, 'nan'),
(619, '608484', '0000-00-00', 1, 'nan'),
(620, 'PT0278', '0000-00-00', 1, 'nan'),
(621, 'RT0314', '0000-00-00', 1, 'nan'),
(622, '640037', '0000-00-00', 1, 'nan'),
(623, '650020', '0000-00-00', 1, 'nan'),
(624, '650062', '0000-00-00', 1, 'nan'),
(625, '650062', '0000-00-00', 1, 'nan'),
(626, 'S650008', '0000-00-00', 1, 'nan'),
(627, '650064', '0000-00-00', 1, 'nan'),
(628, 'PT0061', '0000-00-00', 1, 'nan'),
(629, 'ST3274', '0000-00-00', 1, 'nan'),
(630, 'ST3245', '0000-00-00', 1, 'nan'),
(631, '630037', '0000-00-00', 1, 'nan'),
(632, 'RT0409', '0000-00-00', 1, 'nan'),
(633, '650033', '0000-00-00', 1, 'nan'),
(634, 'RT0188', '0000-00-00', 1, 'nan'),
(635, '620311', '0000-00-00', 1, 'nan'),
(636, '442151', '0000-00-00', 1, 'nan'),
(637, '555816', '0000-00-00', 1, 'nan'),
(638, '431708', '0000-00-00', 1, 'nan'),
(639, '620155', '0000-00-00', 1, 'nan'),
(640, '350056', '0000-00-00', 1, 'nan'),
(641, 'St2709', '0000-00-00', 1, 'nan'),
(642, 'ST3730', '0000-00-00', 1, 'nan'),
(643, 'PT0221', '0000-00-00', 1, 'nan'),
(644, 'ST2120', '0000-00-00', 1, 'nan'),
(645, '620384', '0000-00-00', 1, 'nan'),
(646, '545114', '0000-00-00', 1, 'nan'),
(647, 'PT0238', '0000-00-00', 1, 'nan'),
(648, '620225', '0000-00-00', 1, 'nan'),
(649, 'PT0418', '0000-00-00', 1, 'nan'),
(650, 'ST3786', '0000-00-00', 1, 'nan'),
(651, '650059', '0000-00-00', 1, 'nan'),
(652, 'RT0214', '0000-00-00', 1, 'nan'),
(653, 'ST2809', '0000-00-00', 1, 'nan'),
(654, '587026', '0000-00-00', 1, 'nan'),
(655, '587026', '0000-00-00', 1, 'nan'),
(656, 'RT0170', '0000-00-00', 1, 'nan'),
(657, 'St0580', '0000-00-00', 1, 'nan'),
(658, '650057', '0000-00-00', 1, 'nan'),
(659, 'PC0000', '0000-00-00', 1, 'nan'),
(660, 'ST3859', '0000-00-00', 1, 'nan'),
(661, '650021', '0000-00-00', 1, 'nan'),
(662, 'ST2000', '0000-00-00', 1, 'nan'),
(663, 'ST3801', '0000-00-00', 1, 'nan'),
(664, 'PT0573', '0000-00-00', 1, 'nan'),
(665, 'RT0128', '0000-00-00', 1, 'nan'),
(666, '442061', '0000-00-00', 1, 'nan'),
(667, 'ST3109', '0000-00-00', 1, 'nan'),
(668, '597516', '0000-00-00', 1, 'nan'),
(669, 'PT0132', '0000-00-00', 1, 'nan'),
(670, 'PT0132', '0000-00-00', 1, 'nan'),
(671, 'RT0157', '0000-00-00', 1, 'nan'),
(672, '640079', '0000-00-00', 1, 'nan'),
(673, 'RT0302', '0000-00-00', 1, 'nan'),
(674, 'PT0371', '0000-00-00', 1, 'nan'),
(675, 'PT0562', '0000-00-00', 1, 'nan'),
(676, '640059', '0000-00-00', 1, 'nan'),
(677, '587400', '0000-00-00', 1, 'nan'),
(678, 'ST0964', '0000-00-00', 1, 'nan'),
(679, 'ST3550', '0000-00-00', 1, 'nan'),
(680, 'ST2914', '0000-00-00', 1, 'nan'),
(681, '514454', '0000-00-00', 1, 'nan'),
(682, 'PT0334', '0000-00-00', 1, 'nan'),
(683, 'PT0307', '0000-00-00', 1, 'nan'),
(684, 'ST3207', '0000-00-00', 1, 'nan'),
(685, 'PT0450', '0000-00-00', 1, 'nan'),
(686, 'ST2120', '0000-00-00', 1, 'nan'),
(687, 'ST3182', '0000-00-00', 1, 'nan'),
(688, 'ST3183', '0000-00-00', 1, 'nan'),
(689, 'ST3768', '0000-00-00', 1, 'nan'),
(690, 'ST3543', '0000-00-00', 1, 'nan'),
(691, 'ST1909', '0000-00-00', 1, 'nan'),
(692, 'RT0367', '0000-00-00', 1, 'nan'),
(693, 'ST3269', '0000-00-00', 1, 'nan'),
(694, '597429', '0000-00-00', 1, 'nan'),
(695, '534912', '0000-00-00', 1, 'nan'),
(696, 'PT0212', '0000-00-00', 1, 'nan'),
(697, 'ST3904', '0000-00-00', 1, 'nan'),
(698, 'B413144', '0000-00-00', 1, 'nan'),
(699, 'ST1974', '0000-00-00', 1, 'nan'),
(700, 'ST0910', '0000-00-00', 1, 'nan'),
(701, '628915', '0000-00-00', 1, 'nan'),
(702, '628915', '0000-00-00', 1, 'nan'),
(703, '620474', '0000-00-00', 1, 'nan'),
(704, 'ST3380', '0000-00-00', 1, 'nan'),
(705, 'PT0623', '0000-00-00', 1, 'nan'),
(706, 'RT0442', '0000-00-00', 1, 'nan'),
(707, '597481', '0000-00-00', 1, 'nan'),
(708, 'PT0400', '0000-00-00', 1, 'nan'),
(709, 'RT0409', '0000-00-00', 1, 'nan'),
(710, 'PT0088', '0000-00-00', 1, 'nan'),
(711, 'ST3261', '0000-00-00', 1, 'nan'),
(712, 'ST2434', '0000-00-00', 1, 'nan'),
(713, 'ST2693', '0000-00-00', 1, 'nan'),
(714, 'ST3418', '0000-00-00', 1, 'nan'),
(715, 'ST3418', '0000-00-00', 1, 'nan'),
(716, 'PC0000', '0000-00-00', 1, 'nan'),
(717, 'ST3102', '0000-00-00', 1, 'nan'),
(718, '650002', '0000-00-00', 1, 'nan'),
(719, 'ST2736', '0000-00-00', 1, 'nan'),
(720, '620356', '0000-00-00', 1, 'nan'),
(721, '576839', '0000-00-00', 1, 'nan'),
(722, 'ST2458', '0000-00-00', 1, 'nan'),
(723, 'ST3284', '0000-00-00', 1, 'nan'),
(724, '650017', '0000-00-00', 1, 'nan'),
(725, 'M63009', '0000-00-00', 1, 'nan'),
(726, 'PT0625', '0000-00-00', 1, 'nan'),
(727, 'ST2338', '0000-00-00', 1, 'nan'),
(728, '640055', '0000-00-00', 1, 'nan'),
(729, '640093', '0000-00-00', 1, 'nan'),
(730, '650007', '0000-00-00', 1, 'nan'),
(731, 'ST2340', '0000-00-00', 1, 'nan'),
(732, 'ST2733', '0000-00-00', 1, 'nan'),
(733, 'ST3809', '0000-00-00', 1, 'nan'),
(734, 'ST3708', '0000-00-00', 1, 'nan'),
(735, 'PT0550', '0000-00-00', 1, 'nan'),
(736, 'St3502', '0000-00-00', 1, 'nan'),
(737, 'ST2988', '0000-00-00', 1, 'nan'),
(738, 'ST2988', '0000-00-00', 1, 'nan'),
(739, 'ST3831', '0000-00-00', 1, 'nan'),
(740, '452411', '0000-00-00', 1, 'nan'),
(741, '650031', '0000-00-00', 1, 'nan'),
(742, 'PT0505', '0000-00-00', 1, 'nan'),
(743, '608353', '0000-00-00', 1, 'nan'),
(744, 'ST3586', '0000-00-00', 1, 'nan'),
(745, 'PT0314', '0000-00-00', 1, 'nan'),
(746, '620208', '0000-00-00', 1, 'nan'),
(747, '597447', '0000-00-00', 1, 'nan'),
(748, 'RT0183', '0000-00-00', 1, 'nan'),
(749, 'RT0467', '0000-00-00', 1, 'nan'),
(750, 'ST0460', '0000-00-00', 1, 'nan'),
(751, 'ST3535', '0000-00-00', 1, 'nan'),
(752, '640057', '0000-00-00', 1, 'nan'),
(753, 'ST3661', '0000-00-00', 1, 'nan'),
(754, 'PT0509', '0000-00-00', 1, 'nan'),
(755, 'PT0629', '0000-00-00', 1, 'nan'),
(756, 'ST3764', '0000-00-00', 1, 'nan'),
(757, 'ST3865', '0000-00-00', 1, 'nan'),
(758, 'RT0450', '0000-00-00', 1, 'nan'),
(759, '431404', '0000-00-00', 1, 'nan'),
(760, 'ST0393', '0000-00-00', 1, 'nan'),
(761, 'ST2727', '0000-00-00', 1, 'nan'),
(762, 'ST3535', '0000-00-00', 1, 'nan'),
(763, 'ST3539', '0000-00-00', 1, 'nan'),
(764, 'M63006', '0000-00-00', 1, 'nan'),
(765, 'ST3688', '0000-00-00', 1, 'nan'),
(766, 'ST2264', '0000-00-00', 1, 'nan'),
(767, '650063', '0000-00-00', 1, 'nan'),
(768, 'RT0201', '0000-00-00', 1, 'nan'),
(769, 'RT0386', '0000-00-00', 1, 'nan'),
(770, '630056', '0000-00-00', 1, 'nan'),
(771, '630056', '0000-00-00', 1, 'nan'),
(772, 'PT0649', '0000-00-00', 1, 'nan'),
(773, 'ST3996', '0000-00-00', 1, 'nan'),
(774, 'ST2102', '0000-00-00', 1, 'nan'),
(775, 'RT0451', '0000-00-00', 1, 'nan'),
(776, '555603', '0000-00-00', 1, 'nan'),
(777, 'ST3463', '0000-00-00', 1, 'nan'),
(778, '650083', '0000-00-00', 1, 'nan'),
(779, 'PT0660', '0000-00-00', 1, 'nan'),
(780, '442151', '0000-00-00', 1, 'nan'),
(781, '650084', '0000-00-00', 1, 'nan'),
(782, '650084', '0000-00-00', 1, 'nan'),
(783, 'RT0523', '0000-00-00', 1, 'nan'),
(784, '650090', '0000-00-00', 1, 'nan'),
(785, 'ST0804', '0000-00-00', 1, 'nan'),
(786, 'ST3997', '0000-00-00', 1, 'nan'),
(787, 'ST3291', '0000-00-00', 1, 'nan'),
(788, 'SC9999', '0000-00-00', 1, 'nan'),
(789, 'RT0543', '0000-00-00', 1, 'nan'),
(790, 'ST3222', '0000-00-00', 1, 'nan'),
(791, 'ST4093', '0000-00-00', 1, 'nan'),
(792, 'ST2448', '0000-00-00', 1, 'nan'),
(793, 'ST5093', '0000-00-00', 1, 'nan'),
(794, 'ST5105', '0000-00-00', 1, 'nan'),
(795, 'ST5073', '0000-00-00', 1, 'nan'),
(796, 'PT0696', '0000-00-00', 1, 'nan'),
(797, '650102', '0000-00-00', 1, 'nan'),
(798, 'ST4069', '0000-00-00', 1, 'nan'),
(799, 'ST5110', '0000-00-00', 1, 'nan'),
(800, 'PT0700', '0000-00-00', 1, 'nan'),
(801, 'PT0544', '0000-00-00', 1, 'nan'),
(802, 'RT0604', '0000-00-00', 1, 'nan'),
(803, '650048', '0000-00-00', 1, 'nan'),
(804, 'ST3954', '0000-00-00', 1, 'nan'),
(805, 'ST3702', '0000-00-00', 1, 'nan'),
(806, 'ST4028', '0000-00-00', 1, 'nan'),
(807, '650104', '0000-00-00', 1, 'nan'),
(808, 'ST5155', '0000-00-00', 1, 'nan'),
(809, 'ST5033', '0000-00-00', 1, 'nan'),
(810, 'ST3218', '0000-00-00', 1, 'nan'),
(811, 'ST3348', '0000-00-00', 1, 'nan'),
(812, 'ST2170', '0000-00-00', 1, 'nan'),
(813, 'ST3118', '0000-00-00', 1, 'nan'),
(814, 'ST3882', '0000-00-00', 1, 'nan'),
(815, '650087', '0000-00-00', 1, 'nan'),
(816, '514303', '0000-00-00', 1, 'nan'),
(817, '650081', '0000-00-00', 1, 'nan'),
(818, 'RT0544', '0000-00-00', 1, 'nan'),
(819, 'ST3741', '0000-00-00', 1, 'nan'),
(820, 'ST3741', '0000-00-00', 1, 'nan'),
(821, '576883', '0000-00-00', 1, 'nan'),
(822, '628951', '0000-00-00', 1, 'nan'),
(823, '630049', '0000-00-00', 1, 'nan'),
(824, 'ST5129', '0000-00-00', 1, 'nan'),
(825, '576317', '0000-00-00', 1, 'nan'),
(826, '503944', '0000-00-00', 1, 'nan'),
(827, 'RT0474', '0000-00-00', 1, 'nan'),
(828, 'ST3124', '0000-00-00', 1, 'nan'),
(829, 'RT0485', '0000-00-00', 1, 'nan'),
(830, 'ST2620', '0000-00-00', 1, 'nan'),
(831, 'ST3521', '0000-00-00', 1, 'nan'),
(832, 'RT0572', '0000-00-00', 1, 'nan'),
(833, 'RT0572', '0000-00-00', 1, 'nan'),
(834, 'RT0517', '0000-00-00', 1, 'nan'),
(835, '640032', '0000-00-00', 1, 'nan'),
(836, 'PT0298', '0000-00-00', 1, 'nan'),
(837, '640021', '0000-00-00', 1, 'nan'),
(838, 'A64012', '0000-00-00', 1, 'nan'),
(839, '650034', '0000-00-00', 1, 'nan'),
(840, '650099', '0000-00-00', 1, 'nan'),
(841, 'RT0486', '0000-00-00', 1, 'nan'),
(842, 'RT0433', '0000-00-00', 1, 'nan'),
(843, '620425', '0000-00-00', 1, 'nan'),
(844, 'Rt0191', '0000-00-00', 1, 'nan'),
(845, 'A64002', '0000-00-00', 1, 'nan'),
(846, 'A64002', '0000-00-00', 1, 'nan'),
(847, '565999', '0000-00-00', 1, 'nan'),
(848, 'B534447', '0000-00-00', 1, 'nan'),
(849, 'ST5077', '0000-00-00', 1, 'nan'),
(850, 'PT0707', '0000-00-00', 1, 'nan'),
(851, '597660', '0000-00-00', 1, 'nan'),
(852, 'ST5057', '0000-00-00', 1, 'nan'),
(853, 'M64009', '0000-00-00', 1, 'nan'),
(854, 'ST5179', '0000-00-00', 1, 'nan'),
(855, 'PT0713', '0000-00-00', 1, 'nan'),
(856, '493404', '0000-00-00', 1, 'nan'),
(857, '650109', '0000-00-00', 1, 'nan'),
(858, '650111', '0000-00-00', 1, 'nan'),
(859, '650112', '0000-00-00', 1, 'nan'),
(860, 'RT0514', '0000-00-00', 1, 'nan'),
(861, '650084', '0000-00-00', 1, 'nan'),
(862, 'ST1473', '0000-00-00', 1, 'nan'),
(863, '650113', '0000-00-00', 1, 'nan'),
(864, 'ST2792', '0000-00-00', 1, 'nan'),
(865, 'ST1545', '0000-00-00', 1, 'nan'),
(866, 'ST2120', '0000-00-00', 1, 'nan'),
(867, '608168', '0000-00-00', 1, 'nan'),
(868, 'PT0338', '0000-00-00', 1, 'nan'),
(869, 'PT0625', '0000-00-00', 1, 'nan'),
(870, 'ST2231', '0000-00-00', 1, 'nan'),
(871, 'RT0041', '0000-00-00', 1, 'nan'),
(872, '650117', '0000-00-00', 1, 'nan'),
(873, 'PT0668', '0000-00-00', 1, 'nan'),
(874, '650109', '0000-00-00', 1, 'nan'),
(875, 'RT0514', '0000-00-00', 1, 'nan'),
(876, 'RT0514', '0000-00-00', 1, 'nan'),
(877, '650107', '0000-00-00', 1, 'nan'),
(878, 'RT0640', '0000-00-00', 1, 'nan'),
(879, 'RT0652', '0000-00-00', 1, 'nan'),
(880, 'ST3254', '0000-00-00', 1, 'nan'),
(881, 'ST2207', '0000-00-00', 1, 'nan'),
(882, 'ST5199', '0000-00-00', 1, 'nan'),
(883, 'ST1561', '0000-00-00', 1, 'nan'),
(884, 'RT0585', '0000-00-00', 1, 'nan'),
(885, 'ST5061', '0000-00-00', 1, 'nan'),
(886, 'ST3740', '0000-00-00', 1, 'nan'),
(887, 'PT0599', '0000-00-00', 1, 'nan'),
(888, 'ST1340', '0000-00-00', 1, 'nan'),
(889, 'ST4038', '0000-00-00', 1, 'nan'),
(890, '650071', '0000-00-00', 1, 'nan'),
(891, '431394', '0000-00-00', 1, 'nan'),
(892, '650007', '0000-00-00', 1, 'nan'),
(893, 'RT0625', '0000-00-00', 1, 'nan'),
(894, 'RT0625', '0000-00-00', 1, 'nan'),
(895, 'RT0593', '0000-00-00', 1, 'nan'),
(896, 'ST5190', '0000-00-00', 1, 'nan'),
(897, '576535', '0000-00-00', 1, 'nan'),
(898, 'ST3328', '0000-00-00', 1, 'nan'),
(899, 'St3512', '0000-00-00', 1, 'nan'),
(900, 'ST2434', '0000-00-00', 1, 'nan'),
(901, 'ST5211', '0000-00-00', 1, 'nan'),
(902, 'ST3488', '0000-00-00', 1, 'nan'),
(903, 'RT0013', '0000-00-00', 1, 'nan');

-- --------------------------------------------------------

--
-- Table structure for table `status_detail`
--

CREATE TABLE `status_detail` (
  `ID` varchar(2) NOT NULL,
  `Detail` varchar(50) NOT NULL
) ENGINE=InnoDB DEFAULT CHARSET=utf8mb4;

--
-- Dumping data for table `status_detail`
--

INSERT INTO `status_detail` (`ID`, `Detail`) VALUES
('A', 'ใช้งาน'),
('NA', 'ไม่ใช้งาน');

-- --------------------------------------------------------

--
-- Table structure for table `type_vehicle`
--

CREATE TABLE `type_vehicle` (
  `ID` int(11) NOT NULL,
  `Detail` varchar(50) NOT NULL
) ENGINE=InnoDB DEFAULT CHARSET=utf8mb4;

--
-- Dumping data for table `type_vehicle`
--

INSERT INTO `type_vehicle` (`ID`, `Detail`) VALUES
(1, 'รถจักรยานยนต์'),
(2, 'รถยนต์');

-- --------------------------------------------------------

--
-- Table structure for table `user`
--

CREATE TABLE `user` (
  `Employee_ID` varchar(50) NOT NULL,
  `Name` varchar(50) NOT NULL,
  `Phone` varchar(13) NOT NULL,
  `Agency` int(11) NOT NULL,
  `Company` int(11) NOT NULL,
  `Company_dormitory` int(11) NOT NULL
) ENGINE=InnoDB DEFAULT CHARSET=utf8mb4;

--
-- Dumping data for table `user`
--

INSERT INTO `user` (`Employee_ID`, `Name`, `Phone`, `Agency`, `Company`, `Company_dormitory`) VALUES
('350056', 'น.ส.สุรัตนา เชื้อผู้ดี', '0840854431', 18, 2, 0),
('350102', 'นางสุนัน สุขปรุง', '0820154819', 27, 2, 0),
('350132', 'นายธาตรี กันโต', '0844142172', 44, 2, 0),
('350141', 'นายมาโนทย์ คงวิเชียร', '0898893932', 62, 2, 0),
('350147', 'นางสุวรรณา รามัญเพ็ง', '0897634390', 41, 2, 0),
('350148', 'น.ส.วรางคณา อายุวัฒนะ', '0861494506', 47, 2, 1),
('350159', 'น.ส.สมคิด ยวงลำใย', '0962863166', 31, 2, 0),
('350166', 'น.ส.สมหมาย สายใจ', '0805588679', 28, 2, 0),
('350183', 'นายสุพิตร ศรีพุฒ', '0623837094', 25, 2, 0),
('360201', 'น.ส.ประภาศรี พักผ่อน', '0982857550', 22, 2, 0),
('360203', 'น.ส.พัทชรี เชิดเชี่ยว', '0802226786', 22, 2, 0),
('360204', 'นายอดิศักดิ์ อินเดริส', '0817114184', 32, 2, 0),
('360217', 'นายณรงค์ อาจหาญ', '0876936248', 37, 2, 0),
('360218', 'น.ส.บังอร นาคศรีจันทร์', '0840052812', 32, 2, 0),
('360220', 'น.ส.มาลี อาจหาญ', '0890547077', 18, 2, 0),
('360238', 'นางสุภาพ เถื่อนเล็ก', '0891811184', 20, 2, 0),
('360247', 'น.ส.วรรณา กลิ่นษร', '0970781703', 20, 2, 0),
('360255', 'นายอนุชา ยามา', '0836157466', 37, 2, 0),
('360264', 'น.ส.ปราณี ปั้นรูป', '0859300809', 20, 2, 0),
('360275', 'นายวิโรจน์ ดอเลาะ', '0867044957', 18, 2, 0),
('360326', 'นางศิริรัตน์ มิงสะเมาะ', '0943209255', 41, 2, 0),
('360344', 'น.ส.คนึง จิ๋วสุข', '0853447069', 28, 2, 0),
('360346', 'นายนิคม ชูพุทธพงศ์', '0840926642', 17, 2, 0),
('370422', 'นางฮุซนา โต๊ะซา', '0897751847', 16, 2, 0),
('370440', 'นางวันเพ็ญ โพธิ์พันธุ์', '0870593542', 52, 2, 0),
('370456', 'นายนพนนท์ บุตรงาม', '0929896884', 19, 2, 0),
('370458', 'น.ส.วันเพ็ญ จินเต', '0890538336', 20, 2, 0),
('370480', 'นายบุญส่ง มีแย้ม', '0812518793', 30, 2, 0),
('370482', 'นายวิรัช คุ้มวัน', '0832695876', 59, 2, 0),
('370498', 'นางบุปผา พูลผล', '0891547831', 20, 2, 0),
('370510', 'นางอมลรัตน์ ประจักษ์ธรรม', '0829789900', 1, 2, 0),
('380525', 'นายธรณ์ ประจักษ์ธรรม', '0818020450', 1, 2, 0),
('380535', 'น.ส.วรรณดา มะลา', '0896602789', 22, 2, 0),
('380547', 'น.ส.สายทอง ครุฑธา', '0840926642', 27, 2, 0),
('380551', 'น.ส.สมทรง คาวามูกาอิ', '0841068246', 30, 2, 0),
('380616', 'น.ส.ศิริ เรือนขำ', '0842194255', 20, 2, 0),
('380671', 'นายสมบัตร จันทร์สอน', '0820800897', 46, 2, 0),
('380676', 'นางสุรัตนา ชูเลิศ', '0839875600', 36, 2, 0),
('380695', 'นายวิทยา เจ๊ะเลาะ', '0815803869', 19, 2, 0),
('380701', 'นายกิจจา โกศล', '0840991428', 30, 2, 0),
('380716', 'น.ส.อนุสรา เย็นประเสริฐ', '0814377902', 26, 2, 0),
('380767', 'นายสุเทพ เชื้อผู้ดี', '0813139198', 26, 2, 0),
('380791', 'นางสมร น้อยปลา', '0866253293', 28, 2, 0),
('390831', 'นายอิมรอน สุขพลอย', '0834257653', 39, 2, 0),
('390867', 'น.ส.ดารา แสงสุวรรณ', '0875137286', 27, 2, 0),
('390903', 'นายเสน่ห์ สมานวงค์', '0861322356', 37, 2, 0),
('390915', 'น.ส.มาลี รักหอม', '0615842484', 67, 2, 0),
('390937', 'น.ส.มาลัย เกตุอ่ำ', '0923644963', 2, 2, 0),
('390954', 'น.ส.เตือน สายสมร', '0924264426', 22, 2, 0),
('390956', 'นายไพศล จันทร์ทอง', '0945588151', 59, 2, 0),
('390991', 'น.ส.ไพรัช เกิดช้ำ', '0819143541', 20, 2, 0),
('391028', 'นายณรงค์ศักดิ์ ดีเดิน', '0867079053', 46, 2, 0),
('391050', 'นายชัด ฤทธิ์เดช', '0655859889', 2, 2, 0),
('401061', 'นางเตือน พร้าเพรียง', '0942924866', 20, 2, 0),
('401065', 'น.ส.ศิริวัลย์ พวงดอกไม้', '0850678591', 30, 2, 0),
('401080', 'นายสรพงษ์ คนตรง', '0895074070', 41, 2, 0),
('401093', 'น.ส.สมัย อาจหาญ', '0849408395', 20, 2, 0),
('401101', 'นายบัญชา ดีเดิน', '0927136665', 41, 2, 0),
('401119', 'น.ส.สุพัตรา โต๊ะเถื่อน', 'nan', 36, 2, 0),
('401131', 'นายมานพ สุทธิพันธุ์', '0830072770', 26, 2, 0),
('411148', 'นายสายัณ หวังชม', '0858470571', 36, 2, 0),
('411160', 'น.ส.ประยอม โต๊ะกา', '0656065489', 33, 2, 0),
('421245', 'น.ส.เพ็ญนภา คงนิ่ม', '0941152619', 43, 2, 0),
('421268', 'น.ส.ทยากร สวัสดิ์ถาวร', '0818896472', 27, 2, 1),
('421275', 'น.ส.สุขุมาล เชื้อผู้ดี', '0825200375', 17, 2, 0),
('421298', 'น.ส.ศศิธร ปสุตา', '0948844861', 36, 2, 0),
('431335', 'น.ส.สุภาพร จ่าพันธุ์', '0926794660', 28, 2, 0),
('431360', 'นายสัณย์ชัย รัดแรง', '0868093993', 59, 2, 0),
('431394', 'น.ส.สุพิศ เจือจันทร์', '0625735829', 22, 2, 0),
('431396', 'นายเฉลียว ขำเหลือ', '0931106860', 46, 2, 0),
('431404', 'น.ส.ศิริพร นาคขำ', '0924320612', 48, 2, 0),
('431407', 'น.ส.ณัฐธิดา นิลพัฒน์', '0819955420', 16, 2, 0),
('431414', 'น.ส.สุมณฑา แสงตาล', '0840250869', 20, 2, 0),
('431620', 'น.ส.หทัยพร เพ็ชรพราว', '0906686612', 20, 2, 0),
('431684', 'น.ส.จันทร์แรม ดิษขุนทด', '0853634304', 28, 2, 0),
('431704', 'น.ส.พิมพ์ใจ ล้ำเลิศ', '0859883850', 28, 2, 0),
('431708', 'นางอรุณ ไทยทรงธรรม', '0865339165', 31, 2, 0),
('441766', 'นายสมบัติ ธนับประภัสร์', '0865219522', 30, 2, 0),
('441802', 'นายภักดี อ่อนหวาน', '0967895997', 23, 2, 0),
('441824', 'น.ส.เพ็ญศรี ดีทอง', '0875588927', 46, 2, 0),
('441833', 'นางสุภาพร สุขประเสริฐ', '0851614441', 33, 2, 0),
('441844', 'นายสุริชัย บรรลือทรัพย์', '0870768923', 26, 2, 0),
('441865', 'นายสุระชัย อาจหาญ', '0861255963', 33, 2, 0),
('441872', 'น.ส.วรรณวิภา โต๊ะเถื่อน', '0959219034', 38, 2, 0),
('441891', 'น.ส.นิตยา ศรีทอง', 'nan', 28, 2, 0),
('441902', 'นายธรรมนูญ หมัดซอและ', '0889168423', 49, 2, 0),
('441908', 'นางศศินันท์ พรวิจิตรวงศ์', '0908954915', 27, 2, 0),
('441923', 'นายสมเกียรติ สะมันยี', '0869066593', 32, 2, 0),
('441939', 'นายวันลภ จันทร์พา', '0802692241', 17, 2, 0),
('441948', 'น.ส.สุภารัตน์ ทองสุก', '0805276834', 43, 2, 0),
('441954', 'น.ส.วันดี ตาเละมัน', '0946911819', 44, 2, 0),
('441982', 'น.ส.มาลัย ลีลาศ', '0867043786', 20, 2, 0),
('442004', 'นายอนุรักษ์ อรุณสวัสดิ์', '0805995855', 18, 2, 0),
('442016', 'นายวิชิต รพีจรัสเรือง', '0876967595', 17, 2, 0),
('442055', 'นายวิทิต กุลปราณีต', '0831235227', 30, 2, 0),
('442061', 'น.ส.ณัฐรดา เอี่ยมอาจ', '0866558843', 18, 2, 0),
('442151', 'นายสนธยา อินทรลักษณ์', '0646294064', 30, 2, 0),
('442175', 'นายฐิตพล ผลพิบูลย์', '0840968641', 3, 2, 0),
('452225', 'นายมนชัย อาจหาญ', '0923636270', 35, 2, 0),
('452319', 'น.ส.ศิริพร ผลอวยพร', '0935926324', 15, 2, 0),
('452320', 'นางปาริชาติ เหงี่ยมไพศาล', '0616365593', 16, 2, 0),
('452321', 'น.ส.ขวัญประชา ภูผา', '0991258483', 35, 2, 0),
('452343', 'น.ส.เฟื้องฟ้า มงคล', '0647429897', 28, 2, 0),
('452399', 'นางวรรณี ปานปิ่น', '0865633418', 20, 2, 0),
('452406', 'น.ส.พรทิพย์ ไตรวงศ์', '0860240556', 28, 2, 0),
('452411', 'น.ส.กัญญารัตน์ สวนดี', '0626176886', 49, 2, 0),
('452415', 'นายสมยศ ไตรวงศ์', '0854475826', 33, 2, 0),
('452433', 'นายมารุติ มิงสะเมาะ', '0816251913', 49, 2, 0),
('452435', 'นายสมชาย สุขพลอย', '0860559691', 48, 2, 0),
('452440', 'น.ส.อรอนงค์ มะปูเลาะ', '0897611487', 47, 2, 0),
('452460', 'น.ส.สมหมาย บุญรอด', '0853675860', 15, 2, 0),
('452494', 'น.ส.วันวิสาข์ ปานเพ็ง', '0808037184', 19, 2, 0),
('462584', 'น.ส.สาธิยา คนตรง', '0859031867', 37, 2, 0),
('462588', 'นายสุนันท์ สุบิน', '0851816725', 59, 2, 0),
('472661', 'นางศิวาพร บุตตจันทร์', '0958932969', 27, 2, 0),
('472665', 'น.ส.มณี ธูปแก้ว', '0814992149', 16, 2, 0),
('472686', 'น.ส.วรัชยา บุญประเสริฐ', '0851067296', 28, 2, 0),
('472697', 'นางณัฐชยา จาดบุญนาค', '0815265030', 19, 2, 0),
('472786', 'น.ส.นุชจรินทร์ บุญเสริมสุข', '0863237414', 7, 2, 0),
('472832', 'นายชาญชัย มณีดำ', '0816824248', 44, 2, 0),
('472841', 'นายสุริยัณ การงค์', '0838917110', 49, 2, 0),
('472914', 'นางสุดาลักษณ์ เกษมโภคากุล', '0899922363', 16, 2, 0),
('482967', 'น.ส.วิภา อาจหาญ', '0988301720', 28, 2, 0),
('483046', 'น.ส.วิริตา น้อยปลา', '0911859970', 37, 2, 0),
('483109', 'น.ส.วารุณี อาจหาญ', '0873217351', 20, 2, 0),
('483127', 'น.ส.พัชรา อินทร์คชสาร', '0953929595', 8, 2, 0),
('483180', 'น.ส.เรณู เลาะลาเต๊ะ', '0964842673', 34, 2, 0),
('483185', 'นายฐิติพงศ์ เกตุสุวรรณ', '0924155897', 19, 2, 0),
('483206', 'นายนันทพล วชิระอังกูร', '0897713934', 21, 2, 0),
('483216', 'น.ส.สุดาภรณ์ อิสมาแอล', '0864488013', 17, 2, 0),
('483282', 'น.ส.บังอร วิลาวรรณ', '0895002025', 16, 2, 0),
('483309', 'น.ส.กังสดาล ปาลกะวงศ์ ณ อยุธยา', '0846615332', 2, 2, 0),
('493353', 'น.ส.รัชชวิภา โตเอี่ยม', '0859668299', 28, 2, 0),
('493372', 'นายทุ่งรักสณ์ วงษา', '0860544507', 19, 2, 0),
('493404', 'น.ส.ละเบียบ แตงหวาน', '0860233572', 46, 2, 0),
('493423', 'น.ส.สุกัญญา มิงสะเมาะ', '0972970424', 19, 2, 0),
('493454', 'นายลือชัย บุญยม', '0645367950', 61, 2, 0),
('493458', 'น.ส.จาริยา เย็นภิญโญ', '0930136541', 55, 2, 0),
('493519', 'นายชลอ แก้วสง', '0851166721', 43, 2, 0),
('493521', 'นายลิบ เอี่ยมสะอาด', '0614606603', 19, 2, 0),
('493534', 'น.ส.สุภาพร เทพหัสดิน ณ อยุธยา', '0898105435', 16, 2, 0),
('493548', 'นายพิสิษฐ์ พันธ์ศรี', '0815539519', 19, 2, 0),
('493595', 'นายธนากร พุทธกันต์', '0983613967', 36, 2, 0),
('493607', 'นายบุญทรัพย์ วรพจน์', '0845663028', 22, 2, 0),
('503653', 'น.ส.สมใจ ดะมาลี', '0930091896', 59, 2, 0),
('503747', 'นายวีระพล บุญยม', '0812348438', 61, 2, 0),
('503829', 'นายพัฒน์พงษ์ แสงดาว', '0890693090', 26, 2, 0),
('503865', 'นายยุรนันท์ โต๊ะเถื่อน', '0886396427', 60, 2, 0),
('503902', 'น.ส.วีระพร ประเสริฐผล', '0897722563', 48, 2, 0),
('503910', 'น.ส.อรอุมา โต๊ะเถื่อน', '0927802926', 34, 2, 0),
('503944', 'น.ส.นุศรา ศิริประโชติ', '0812814460', 6, 2, 0),
('504039', 'นายวีระ อินเดริส', '0865203072', 51, 2, 0),
('514055', 'น.ส.ศิราณี สนภู่', '0639079167', 31, 2, 0),
('514075', 'นายสมิธ เตกาญจนวนิช', '0849311243', 30, 2, 0),
('514144', 'นายสมาน ยินดีทีป', '0948687538', 51, 2, 0),
('514146', 'นายเฉลิมวุฒิ คนตรง', '0955702598', 48, 2, 0),
('514185', 'นายวิชัย สังข์จาย', '0860938876', 19, 2, 0),
('514190', 'นายพลากร สุขพลอย', '0956378970', 42, 2, 0),
('514215', 'น.ส.นันติยา มีสุข', '0875403015', 27, 2, 0),
('514218', 'น.ส.พิลัยลักษณ์ ผดุงเลิศ', '0879770281', 36, 2, 0),
('514303', 'น.ส.ธิติมา พลีบัตร', '0948573323', 59, 2, 0),
('514454', 'นางศิริลักษณ์ แท่งทอง', '0876065499', 37, 2, 0),
('514459', 'นางมารีนา อาดำ', '0831235882', 27, 2, 0),
('514480', 'นายเสนีย์ ซันวงษ์', '0947853587', 49, 2, 0),
('524501', 'นางกิ่งแก้ว ยินดีทีป', '0897965490', 45, 2, 0),
('534633', 'น.ส.หงษ์ฟ้า ประชิดกลาง', '0988910029', 34, 2, 0),
('534733', 'นายวัชระ สระเกตุ', '0835428190', 26, 2, 0),
('534801', 'น.ส.คนึงนิจ เปี่ยมสิน', '0879022428', 46, 2, 0),
('534808', 'น.ส.อนุษรา เจริญสุข', '0866603479', 22, 2, 0),
('534862', 'น.ส.วันเพ็ญ เหล่าทรัพย์', '0629761784', 28, 2, 0),
('534912', 'นายสุวัธ นุชชัยนาท', '0936188138', 46, 2, 0),
('534915', 'น.ส.ขวัญดาว ล้อประเสริฐ', '0995526123', 27, 2, 0),
('534928', 'นายวิชชยา ภมรพล', '0817502321', 30, 2, 0),
('535010', 'นางแสงอรุณ เกษรา', '0830412898', 35, 2, 0),
('545087', 'นายสมปอง เพ็ชรเย็น', '0967837387', 3, 2, 0),
('545106', 'น.ส.ดวงใจ แสงทอง', '0891078786', 47, 2, 0),
('545114', 'นางอลิษา ยอดจันทร์', '0894090541', 47, 2, 0),
('545116', 'น.ส.นิภาพร นาครำพา', '0654924953', 55, 2, 0),
('545151', 'น.ส.พัณณ์นิญา ธัญรัมมณีย์', '0869838351', 22, 2, 0),
('545152', 'น.ส.Chia-Ling Hsieh', '0955636551', 8, 2, 0),
('545235', 'น.ส.สมจิตร จันทร์คำนนท์', '0851894276', 22, 2, 0),
('545343', 'นายณัฐพล จูเล็ก', '0641108642', 19, 2, 0),
('545431', 'น.ส.ทองแจ่ม สิงหาภู', '0983740980', 27, 2, 0),
('545469', 'นายสิทธิชัย นาควิไล', '0839825379', 30, 2, 0),
('555603', 'น.ส.อภิชญา สุดา', '0623740935', 48, 2, 0),
('555727', 'น.ส.วรรณภา อุ่นอำไพ', '0954972536', 27, 2, 0),
('555781', 'นายสมบัติ โต๊ะนิ', '0970364596', 46, 2, 0),
('555785', 'นายมงคล แนวดง', '0904205523', 17, 2, 0),
('555812', 'น.ส.อาภรณ์รัตน์ สว่างศรี', '0927737619', 32, 2, 0),
('555816', 'น.ส.ณัฐกาญจน์ นุ่มปราณี', '0924074972', 37, 2, 0),
('555819', 'นายดำรงค์เกียรติ โพธิ์มั่น', 'nan', 40, 2, 0),
('555906', 'นายเปรียน ทองฮีง', '0830246703', 15, 2, 0),
('555919', 'น.ส.สุภาภรณ์ พุ่มพฤกษ์', '0955094706', 26, 2, 0),
('565950', 'น.ส.จิตราภรณ์ จันทร์แรง', '0838281743', 36, 2, 0),
('565953', 'น.ส.ศิริลักษณ์ ระนาดแก้ว', '0851135622', 35, 2, 0),
('565969', 'นายสุรศักดิ์ ทองเพ็ชร์', '0923767190', 26, 2, 0),
('565999', 'นายสมใจ จำปาศรี', '0947916134', 30, 2, 0),
('566007', 'นายวราวุฒิ ขอดทอง', '0896844474', 62, 2, 1),
('566014', 'น.ส.อมรรัตน์ จำปาเปาะ', '0624756793', 49, 2, 0),
('566032', 'น.ส.ซันมา ชูเลิศ', '0918489552', 22, 2, 0),
('566037', 'นายพัลลภ ขาวละเอียด', '0856620418', 37, 2, 0),
('566045', 'นายสุวรรณ ทองนาค', '0930074033', 37, 2, 0),
('566102', 'น.ส.วราภรณ์ บุญปก', '0807818672', 46, 2, 0),
('566156', 'น.ส.สมปอง แมนประโคน', '0929121819', 47, 2, 0),
('566171', 'นายปรัชญา นิยมราษฎร์', '0918699508', 19, 2, 0),
('566188', 'น.ส.ชไมพร แก้วกาญจน์', '0836018554', 17, 2, 0),
('566198', 'น.ส.ดุริยา การงค์', '0957713006', 60, 2, 0),
('566210', 'นางสมหญิง วันขวัญ', '0800503650', 43, 2, 0),
('576317', 'น.ส.สายสมร ทำสะอาด', '0984848328', 36, 2, 0),
('576340', 'นายรณชัย สายรัตนทองคำ', '0927789394', 49, 2, 0),
('576381', 'นายชัยธวัช การงค์', '0839116679', 49, 2, 0),
('576397', 'น.ส.เบญยภา มาสงค์', '0856338423', 43, 2, 0),
('576431', 'นายธงชัย กุ่มผักแว่น', '0924374822', 41, 2, 0),
('576457', 'น.ส.จันทวรรณ เอี่ยมพันธ์', '0925345109', 43, 2, 0),
('576475', 'น.ส.อนุสรา เขียวอ่อน', '0891507543', 28, 2, 0),
('576483', 'น.ส.เดือนเต็ม กระจ่างโพธิ์', '0623273141', 28, 2, 0),
('576528', 'น.ส.รุ่ง พรรณสุทธิ์', '0972820592', 20, 2, 0),
('576529', 'นายศราวุฒิ คำอ้าย', '0972759658', 22, 2, 0),
('576530', 'น.ส.สุนันทา ทองสุก', '0616367844', 28, 2, 0),
('576535', 'นายสามัคคี เผือกกลาง', '0994175203', 38, 2, 0),
('576642', 'น.ส.ถติพร โจซิ้ม', '0614813336', 59, 2, 0),
('576664', 'นางบุบผา บัวภิบาล', '0822051945', 19, 2, 0),
('576747', 'นายจิรวัฒน์ สุวรรณแสน', '0991541006', 37, 2, 0),
('576780', 'น.ส.จิตสุภา ภูวนานนท์', '0835571584', 10, 2, 0),
('576830', 'นายณรงค์กร พรวิจิตรวงศ์', '0658125654', 33, 2, 0),
('576839', 'น.ส.วันวิสา คนตรง', '0853339051', 32, 2, 0),
('576883', 'นายวิรัตน์ บัวภิบาล', '0908936131', 41, 2, 0),
('586937', 'น.ส.โสภาพรรณ วงศ์สุรินทร์', '0616608280', 36, 2, 0),
('586969', 'น.ส.ลลิตา พ่วงจีน', '0959219219', 29, 2, 0),
('586972', 'นายปรีชา น้อยปลา', '0618877241', 37, 2, 0),
('586975', 'น.ส.ประสิทธิ์ สิงยะเมือง', '0847901524', 35, 2, 0),
('587002', 'น.ส.ยุวดี มิงสะเมาะ', '0902640048', 28, 2, 0),
('587026', 'นายประสาน ประกาทอง', '0927945213', 32, 2, 0),
('587050', 'น.ส.เดือน บุตรพรม', '0801837314', 33, 2, 0),
('587081', 'น.ส.ศิริพร สีหานาม', '0625160135', 36, 2, 0),
('587087', 'นายสิทธิชัย บุญมา', '0909262691', 49, 2, 0),
('587128', 'นายนครินทร์ น้อยปลา', '0959584140', 3, 2, 0),
('587153', 'น.ส.เพ็ชรี พระภายไชย', '0817486664', 15, 2, 0),
('587244', 'น.ส.วิลัยภรณ์ จำปาคง', '0902852031', 49, 2, 0),
('587257', 'น.ส.นุช ปั้นเงิน', '0994134416', 28, 2, 0),
('587268', 'นายชญานนท์ คงดั่น', '0901545822', 37, 2, 0),
('587273', 'น.ส.อังค์วรา ทาแปง', '0845279091', 17, 2, 0),
('587293', 'น.ส.วรรณนิสา เนียมพันธ์', '0972247386', 28, 2, 0),
('587296', 'นายสรายุทธ เขียวอ่อน', '0809049836', 47, 2, 0),
('587297', 'นายมานพ เมฆฉาย', '0817788979', 37, 2, 0),
('587315', 'นายปิยะชนก เต๊ะดอเลาะ', '0958285078', 49, 2, 0),
('587390', 'นางลดาวัลย์ แตงคำ', '0628097222', 36, 2, 0),
('587391', 'น.ส.พิพักตร์ บุญพันธ์', '0929382952', 36, 2, 0),
('587400', 'นายวุฒิชัย จ้อยเจริญ', '0926963462', 46, 2, 0),
('597406', 'น.ส.จิรานุตร เตชะเสน', '0994194491', 14, 2, 0),
('597413', 'น.ส.อนงค์ทิพย์ บุญสูงเนิน', '0926619338', 48, 2, 0),
('597415', 'นายธีระ ต้อนแก้ว', '0877313864', 31, 2, 0),
('597429', 'นายสหรัฐ หยวกทิพย์', '0829678934', 46, 2, 0),
('597437', 'น.ส.กัญชลา ศรีสวัสดิ์', '0923296389', 15, 2, 0),
('597439', 'นายพงศธร บางเพ็ง', '0954304890', 26, 2, 0),
('597446', 'นายวัชรินทร์ ชมกลิ่น', '0819258250', 10, 2, 0),
('597447', 'นายสุชน ศรีภัทร์ชานน', '0972892562', 6, 2, 0),
('597451', 'น.ส.ธีรนุช มาโนชญ์จิต', '0819324381', 18, 2, 0),
('597465', 'นางอุไร แก้วสง', '0875484408', 22, 2, 0),
('597481', 'นายสมพงษ์ มีสินลา', '0953215712', 18, 2, 0),
('597493', 'น.ส.สมาภรณ์ เพ็ชรวงษ์', '0860118132', 22, 2, 0),
('597516', 'น.ส.อลิสา สีเหลือง', '0809693682', 36, 2, 0),
('597518', 'นายสมชาย บุญเสริม', '0870237221', 33, 2, 0),
('597537', 'น.ส.วงตะวัน ด้วงน้อย', '0661369265', 46, 2, 0),
('597540', 'น.ส.อรยา สุดา', '0917298156', 48, 2, 0),
('597549', 'น.ส.ศรารัตน์ กิตติพงศ์พิทยา', '0911866959', 27, 2, 0),
('597581', 'นายธนวัฒน์ เรืองณรงค์', '0897691208', 32, 2, 0),
('597589', 'น.ส.วิริศรา อุ่นใจ', '0846158494', 15, 2, 0),
('597590', 'นายเดชา แสงทอง', '0892172446', 29, 2, 0),
('597610', 'นายธัญญวิทย์ ภูดวงเดือน', '0959705647', 37, 2, 0),
('597660', 'น.ส.นฤมล วรรณพฤกษ์', '0949197087', 28, 2, 0),
('597671', 'น.ส.ศศินา เจ๊ะเลาะ', '0624732380', 43, 2, 0),
('597723', 'นายศักดิ์ดา เยื่องเสือ', '0879631902', 31, 2, 0),
('597790', 'น.ส.กัญญาภัค แก้วเสริม', '0648304174', 20, 2, 0),
('597794', 'น.ส.จิราวรรณ นามนารถ', '0639030780', 9, 2, 0),
('597796', 'น.ส.ณัฐกานต์ อ่อนพร', '0988625408', 21, 2, 0),
('597808', 'น.ส.กนกวรรณ มังคละพลัง', '0649764371', 28, 2, 0),
('597821', 'นายอารี โรจน์ธนาสิริ', '0861725074', 8, 2, 0),
('597839', 'นายศรัญญู บินหะรุณ', '0955060679', 17, 2, 0),
('597853', 'นายวรวิทย์ แสงเทียน', '0853274206', 41, 2, 0),
('597856', 'นายไพโรจน์ ทรัพย์นุช', '0994389938', 24, 2, 0),
('597929', 'น.ส.สุรีรัตน์ โมงขุนทด', '0610758847', 48, 2, 0),
('597937', 'นายชัยวัฒน์ ท้าวนอก', '0891857372', 49, 2, 0),
('597968', 'น.ส.ชญาดา ยอดวงศ์ษา', '0928704647', 36, 2, 0),
('598001', 'นายณัฐพล ดีเดิน', '0956287580', 45, 2, 0),
('608037', 'นายไพรัตน์ ยุกติรัตน์', '0819265035', 52, 2, 0),
('608038', 'นายประเสริฐ ทองพล', '0863025837', 58, 2, 0),
('608044', 'นายสุวัฒน์ ทองแจ้ง', '0878144599', 52, 2, 0),
('608054', 'น.ส.ชาบดี รัตนผลิน', '0968649339', 52, 2, 0),
('608062', 'นายยุทธภูมิ สุทธิสารากร', '0851458693', 52, 2, 0),
('608068', 'นายประโลม เกลี้ยงประไพ', '0895351683', 50, 2, 0),
('608070', 'นายสถาพร นวลแก้ว', '0870872038', 26, 2, 0),
('608071', 'นายรักพงษ์ พุ่มนุ่ม', '0879360010', 26, 2, 0),
('608075', 'นายสมโภช พลอยขาว', '0914019453', 50, 2, 0),
('608083', 'นางโสพิณ ทองสุข', '0922652062', 50, 2, 0),
('608084', 'นายวิทยา สาสนาม', '0620065883', 52, 2, 0),
('608085', 'น.ส.วรรณภา อ่ำเมือง', '0621765816', 53, 2, 0),
('608093', 'น.ส.ทิชา นามจันทรา', '0900070309', 53, 2, 0),
('608096', 'นายเมธี เขียวสะอาด', '0886151824', 26, 2, 0),
('608103', 'นายอัศวิน ขันนาค', '0928087977', 52, 2, 0),
('608104', 'น.ส.มารศรี ขยันชุมนุม', '0972292893', 52, 2, 0),
('608120', 'นายจิรโชติ อินทร์เนตร', '0814542723', 2, 2, 0),
('608123', 'น.ส.วิไลวรรณ พรชื่น', '0889720234', 36, 2, 0),
('608137', 'นายจำลอง ฉลุนรัมย์', '0626602732', 32, 2, 0),
('608145', 'น.ส.สุนิสา ทรงวิเชียร', '0918159710', 46, 2, 0),
('608147', 'น.ส.จิตติมา เก่งกล้า', '0918011660', 46, 2, 0),
('608153', 'น.ส.พรพิรุณ เกสทอง', '0887162676', 36, 2, 0),
('608154', 'น.ส.สรณ์สิริดี แนวดี', '0618127346', 30, 2, 0),
('608164', 'น.ส.กฤษณา เริ่มรู้', '0801453788', 44, 2, 0),
('608168', 'น.ส.พันพร แก้วมุงคุณ', '0925246062', 43, 2, 0),
('608189', 'นายวินัย อาจหาญ', '0639172246', 35, 2, 0),
('608243', 'นายอรรถพล มะเด็น', '0980602495', 49, 2, 0),
('608245', 'น.ส.สุกัญญา สุขสถาพร', '0992177609', 15, 2, 0),
('608281', 'น.ส.พจนีย์ บัวแก้ว', '0926564944', 43, 2, 0),
('608295', 'นายนรัฐ วาทพันธุ์', '0985962599', 60, 2, 0),
('608353', 'นายคมสรรค์ สะแสงสาร', '0615805830', 41, 2, 0),
('608371', 'น.ส.พชร บุญเทพ', '0839342426', 29, 2, 0),
('608435', 'นายณัฐพงษ์ เด็นลีเมาะ', '0922509672', 52, 2, 0),
('608461', 'น.ส.สุธิดา นิ่มเนียร', '0991265364', 33, 2, 0),
('608467', 'นายวีรศักดิ์ มิงสะเมาะ', '0870529618', 37, 2, 0),
('608484', 'นายศราวุฒิ สร้อยสุวรรณ', '0918486008', 43, 2, 0),
('608515', 'น.ส.นูรอัยณี ยูโซะ', '0960082246', 47, 2, 0),
('608532', 'น.ส.เบ็ญจภา ช้อบรรณดิษ', '0988619008', 67, 2, 0),
('618603', 'นายวรกร วรยศสร', '0949824955', 2, 2, 0),
('618636', 'น.ส.ไอรดา มาลัยเปีย', '0825485067', 28, 2, 0),
('618658', 'น.ส.ภูชิษา บุญเอกกิติกุล', '0804048139', 28, 2, 0),
('618715', 'น.ส.นิภา เลาะลาเมาะ', '0839264071', 35, 2, 0),
('618741', 'น.ส.ณัฐฑิกา น้อยปลา', '0970264373', 28, 2, 0),
('618745', 'น.ส.ณัชชา กุนันท์', '0989607214', 20, 2, 0),
('618775', 'น.ส.บัวทิพย์ โพธิ์ร่มเย็น', '0935261017', 44, 2, 0),
('618806', 'น.ส.กมลชนก คำพิทักษ์', '0926619338', 48, 2, 0),
('618826', 'น.ส.ธนัชชา ปากดี', '0848782806', 47, 2, 0),
('618834', 'น.ส.นันทรัตน์ แย้มขยาย', '0863431999', 30, 2, 0),
('618843', 'นายชัยวัฒน์ จิตติคุณ', '0844583553', 1, 2, 0),
('618844', 'นายยอดฟ้า บุษยาสกุล', '0989435358', 6, 2, 0),
('618845', 'น.ส.จิรสุดา สำเภาทอง', '0979204456', 1, 2, 0),
('618846', 'น.ส.อุมาพร ตัน', '0815715989', 10, 2, 0),
('620155', 'นายพลากร วงศ์คำผิว', '0909093369', 32, 2, 0),
('620163', 'น.ส.จรรญา คำนึง', '0927381525', 43, 2, 0),
('620171', 'น.ส.พรรณี เกียรติสุขวารี', '0624702464', 52, 2, 0),
('620173', 'น.ส.จิรากร จ่ารุ่ง', '0941530239', 27, 2, 0),
('620187', 'นายสายชล บำเพ็ญ', '0627722030', 52, 2, 0),
('620191', 'นายวิทยา ไทยอัฐวิถี', '0986163160', 37, 2, 0),
('620192', 'น.ส.อาระยา คงโพธิ์', '0991451855', 36, 2, 0),
('620208', 'น.ส.สาธิกา โกษีอำนวย', '0956208629', 21, 2, 0),
('620218', 'นายนพดล หฤทัยสดใส', '0999509291', 12, 2, 0),
('620225', 'นายคาวี เมี้ยนแม้น', '0805877539', 22, 2, 0),
('620264', 'นายศราวุธ ประทีปสุข', '0875611754', 15, 2, 0),
('620271', 'น.ส.สุรีย์ญา เนตรจู', '0837869741', 33, 2, 0),
('620292', 'น.ส.ณัฐวรี อดิศรธนวุฒิ', '0874661599', 29, 2, 0),
('620311', 'น.ส.ภาวิณี วันเจริญ', '0629848387', 28, 2, 0),
('620327', 'นายชุติพนธ์ อินทรทัต', '0982905053', 32, 2, 0),
('620335', 'น.ส.วนิดา ลูกภูเขียว', '0908470861', 31, 2, 0),
('620336', 'น.ส.เจนจิรา หลิ่งทอง', '0935485703', 38, 2, 0),
('620341', 'น.ส.นันท์นภัส คำชนะ', '0961120122', 43, 2, 0),
('620356', 'น.ส.ธัญญาเรศ ศรีพูล', '0656490460', 43, 2, 0),
('620357', 'นายอนุพงศ์ พรมมิ', '0615549405', 36, 2, 0),
('620384', 'น.ส.ดวงพร ช่วงชิด', '0931599269', 48, 2, 0),
('620406', 'นายพิชิต ไชยวุฒิ', '0824272637', 37, 2, 0),
('620421', 'น.ส.รัชนีกร แก้งกองทรัพย์', '0917911160', 48, 2, 0),
('620424', 'น.ส.อารยา หมัดซอและ', '0655508414', 28, 2, 0),
('620425', 'นางสุนันทา ค้าแป้ง', '0830723805', 54, 2, 0),
('620430', 'นางพรรณี เจริญสุข', '0957291706', 29, 2, 0),
('620438', 'น.ส.วนิดา อินเดริด', '0970406316', 38, 2, 0),
('620448', 'น.ส.โสรญา แกชวดดง', '0931057803', 46, 2, 0),
('620451', 'น.ส.วธัญญา พลแก้ว', '0804825053', 48, 2, 0),
('620452', 'น.ส.วัชราภรณ์ มะโนธรรม', '0883752526', 43, 2, 0),
('620462', 'น.ส.อัญชลี เกตุทุม', '0646938672', 48, 2, 0),
('620474', 'น.ส.สัญจิตา ตรงมิตร', '0611792408', 36, 2, 0),
('620494', 'นายศุภากร พึ่งเจริญ', '0909691472', 2, 2, 0),
('620500', 'นายนิกร ยศบุตร', '0814351622', 23, 2, 0),
('620501', 'นายณัฐวุฒิ ชาคำมูล', '0929159938', 24, 2, 0),
('620507', 'นายสำเริง หนูหน่าย', '0956260721', 26, 2, 0),
('620508', 'นายพสุรวิชจญ์ ประสพสันต์', '0953860695', 11, 2, 0),
('620510', 'นายดนัย คำสอนพันธ์', '0879992341', 6, 2, 0),
('628848', 'น.ส.จารุภา นิมา', '0953611130', 46, 2, 0),
('628852', 'นางสมหมาย คงกุ่ย', '0621456297', 28, 2, 0),
('628855', 'น.ส.เนาวรัตน์ อินเดริส', '0655030412', 44, 2, 0),
('628856', 'น.ส.เอวิกา สังสมานันท์', '0626415431', 46, 2, 0),
('628887', 'น.ส.สยุมพร ศรแก้ว', '0870711979', 36, 2, 0),
('628915', 'น.ส.เสาวณี บุญนาดี', '0923747426', 36, 2, 0),
('628951', 'น.ส.นัทธมน หนูหน่าย', '0826621948', 38, 2, 0),
('628952', 'นายนพอนันต์ จันทร์วงษ์', '0823261703', 26, 2, 0),
('628957', 'น.ส.สุกัญญา พิพิธ', '0935788052', 36, 2, 0),
('628979', 'น.ส.สมพิศ โตภู่', '0917252871', 46, 2, 0),
('630037', 'น.ส.สิริกร บุญชู', '0642049282', 62, 2, 0),
('630040', 'น.ส.วัชราภรณ์ ทองเติม', '0909964946', 20, 2, 0),
('630042', 'นายไพศาล บัติพุฒ', '0896639503', 57, 2, 0),
('630048', 'น.ส.วิไลพร สุดใจดี', '0858044903', 15, 2, 0),
('630049', 'นายชัยรัตน์ มุ่งบุญ', '0615215784', 36, 2, 0),
('630056', 'นายศรายุทธ อรุณจิตต์', '0838876675', 18, 2, 0),
('640016', 'นายชาคริต ธรรมศิริ', '0970260672', 26, 2, 0),
('640021', 'นายนพดล หมีแรต', '0822990236', 3, 2, 0),
('640024', 'นายวิทวัส ชัยเพชร', '0952512693', 18, 2, 0),
('640032', 'น.ส.อารียา สุขเอี่ยม', '0959056085', 16, 2, 0),
('640037', 'นายพุฒิจักษณ์ จิรการพนิชย์', '0627599544', 22, 2, 0),
('640055', 'น.ส.แคทรียา ลามอ', '0631750655', 66, 2, 0),
('640057', 'นางดารินทร์ สะอาด', '0631416255', 28, 2, 0),
('640059', 'นางอารีย์ นิระมิ', '0825425469', 63, 2, 0),
('640079', 'น.ส.จุฬาภรณ์ เกษรา', '0987905850', 65, 2, 0),
('640085', 'น.ส.นันทภรณ์ ฟองการ', '0613506546', 17, 2, 0),
('640093', 'นายมะรูดิน บือราเฮง', '0941189913', 50, 2, 0),
('640095', 'นายธีรภัทร จี่เอี่ยม', '0940051298', 26, 2, 0),
('640096', 'นายจิตติพงษ์ เต็กสี', '0974597829', 26, 2, 0),
('650002', 'นายอภินันทน์ กุลแสงเจริญ', '0994259166', 17, 2, 0),
('650007', 'น.ส.ภาวิณี พัดโท', '0958287098', 16, 2, 0),
('650008', 'นายณัฐพงษ์ เนตรวิจิตร', '0613712604', 26, 2, 0),
('650012', 'นายมูฮัมหมัด ดา', '0988702124', 26, 2, 0),
('650017', 'นายอรรถพงษ์ อนุคง', '0841615027', 36, 2, 0),
('650020', 'น.ส.ธัญญาภรณ์ สักกูลา', '0855686311', 28, 2, 0),
('650021', 'นายนรากร ประทุมอ่อน', '0985091145', 42, 2, 0),
('650022', 'น.ส.กันติชา ยามาย', '0922797394', 43, 2, 0),
('650028', 'นายปรีชา อัตตะโน', '0807961823', 49, 2, 0),
('650031', 'น.ส.ไพวงษ์ นิลมัย', '0925353451', 48, 2, 0),
('650033', 'น.ส.สุดารัตน์ จันทร์ศิริ', '0948877683', 52, 2, 0),
('650034', 'น.ส.อาภาภรณ์ ประทุมอ่อน', '0924613969', 20, 2, 0),
('650048', 'นายนพกฤช เจริญวรรณ', '0984349596', 26, 2, 0),
('650057', 'นายธนวัตน์ ยิ้มแย้ม', '0636505321', 26, 2, 0),
('650058', 'นายนราธิป ภู่ประจำศิลป์', '0929554966', 25, 2, 0),
('650059', 'น.ส.สโรชา จันทร์สุบิน', '0960277943', 23, 2, 0),
('650062', 'นายรฐนนท์ สุภัทโรบล', '0818776172', 41, 2, 0),
('650063', 'นายวันชัย จาดเจริญ', '0935801855', 26, 2, 0),
('650064', 'นายเจษฎา มูลติชัย', '0949236425', 26, 2, 0),
('650069', 'นายไพรัตน์ ปานนาค', '0897961661', 22, 2, 0),
('650071', 'นายพีรพัฒน์ บุญประกอบ', '0645138345', 3, 2, 0),
('650081', 'นายสรภัค กุลสงฆ์', '0902876907', 41, 2, 0),
('650083', 'นายศุภกิตต์ ยุติธรรมวรวาท', '0906892017', 25, 2, 0),
('650084', 'นายสุพิชญ์ชัย นาชัยนาค', '0621988849', 3, 2, 0),
('650087', 'นายนราธิป แตงอ่อน', '0610412955', 41, 2, 0),
('650090', 'นายชนาธิป ชัยเลิศ', '0813492287', 6, 2, 0),
('650099', 'นายวิชญภาส สุวรรณรัตน์', '0876857993', 50, 2, 0),
('650102', 'น.ส.ณัฐมล เรี่ยมเจริญ', '0946310723', 3, 2, 0),
('650104', 'นายปารเมศ ศิริลักษณ์', '0649614962', 23, 2, 0),
('650107', 'นายวทัญญู ลิอุบล', '0814284413', 62, 2, 0),
('650109', 'น.ส.รุ่งราตรี ทองนิล', '0834122758', 3, 2, 0),
('650111', 'นายกฤษณพงศ์ มุ่งเสรี', '0955572510', 25, 2, 0),
('650112', 'น.ส.มาติกา ศิริวิชัย', '0949842327', 41, 2, 0),
('650113', 'น.ส.ศิริรักษ์ เส็งเล็ก', '0841464035', 27, 2, 0),
('650117', 'นายพูนเพิ่ม เตียนสำรวย', '0908868214', 16, 2, 0),
('A64002', 'นายอัศฎาวุธ มะลีลี', '0658764727', 94, 2, 0),
('A64012', 'นายธนพล อ้วนล้ำ', '0990867611', 94, 2, 0),
('B393141', 'นายไพโรจน์ สารภี', '0982721228', 71, 2, 0),
('B413139', 'น.ส.วารินทร์ พุ่มนุ่ม', '0931298805', 71, 2, 0),
('B413144', 'น.ส.สิรีวรรณ ปานสอาด', '0898819957', 71, 2, 0),
('B473329', 'น.ส.สุพรรณิการ์ กำทอง', '0899505750', 69, 2, 0),
('B483332', 'นายปรัชญา กาวารี', '0873419363', 69, 2, 0),
('B534447', 'น.ส.ยุวันดา ละมุงทวาย', '0969747766', 70, 2, 1),
('B605108', 'นางจารุวรรณ ขาวละเอียด', '0855730408', 83, 2, 0),
('B620110', 'นายมนัสวี รอดสวัสดิ์', '0876966471', 71, 2, 0),
('M63006', 'นางบังอร โต๊ะเถื่อน', '0909548297', 96, 2, 0),
('M63009', 'น.ส.ลำดวน รุ่งเรือง', '0948125514', 96, 2, 0),
('M64009', 'นายสุชาติ แผ่พร', '0945857665', 96, 2, 0),
('PC0000', 'น.ส.ผานิต โชติเจริญสุข', '0947922472', 101, 2, 0),
('PC0005', 'นายยงยุทธ มีประโคน', '0953406300', 84, 2, 0),
('PC0006', 'น.ส.กนต์รพี สมพงษ์', '0649082100', 80, 2, 0),
('PT0010', 'นายทวี เจริญเมธานนท์', '0930855663', 60, 2, 0),
('PT0041', 'นายฤทธิศักดิ์ ธเรษตรีศวร', '0825383518', 43, 2, 0),
('PT0061', 'นายอดิศักดิ์ มาน้อย', '0967037759', 43, 2, 0),
('PT0067', 'นายวีระพงษ์ ชาวระหาญ', '0624847035', 48, 2, 0),
('PT0074', 'น.ส.พัชรีย์ สีลาวงษ์', '0989205238', 28, 2, 0),
('PT0083', 'น.ส.ทิพวรรณ อัคนียาน', '0972756406', 44, 2, 0),
('PT0087', 'น.ส.ธิญาดา ราชปึ', '0988394698', 48, 2, 0),
('PT0088', 'น.ส.อลิษา ทองมอญ', '0659785729', 48, 2, 0),
('PT0132', 'น.ส.อชิรา บุญฉิม', '0923602006', 48, 2, 0),
('PT0163', 'นายจักรกฤษ ห้วยหงษ์ทอง', '0925583093', 43, 2, 0),
('PT0182', 'นางเรณู ปรึกษา', '0989911255', 20, 2, 0),
('PT0212', 'นายอาคม สุวรรณรักษ์', '0971387150', 32, 2, 0),
('PT0221', 'น.ส.พรนภา เกตุพุก', '0967919680', 38, 2, 0),
('PT0227', 'นายชัยยา พรมธิดา', '0845343844', 36, 2, 0),
('PT0228', 'นายนุรดิน หะมิดง', '0983834940', 43, 2, 0),
('PT0238', 'น.ส.ปิมจิตร จันทป', '0935040125', 43, 2, 0),
('PT0261', 'น.ส.ชฎาภรณ์ วิทยานนท์', '0917866681', 55, 2, 0),
('PT0278', 'นายกันตวัฒน์ เลิศชีวานันท์', '0868861089', 43, 2, 0),
('PT0287', 'น.ส.กวินทร์นฏา ธนาพัฒน์ภูวิศ', '0835395989', 43, 2, 0),
('PT0298', 'น.ส.มารีแย มะมือเร๊ะ', '0610477529', 67, 2, 0),
('PT0307', 'นายศุภชัย ภาคทอง', '0842742369', 33, 2, 0),
('PT0314', 'นายบุญเกียรติ บุญเจริญ', '0950232113', 20, 2, 0),
('PT0334', 'น.ส.สุพัฒตรา จันชะล้ำ', '0632695251', 36, 2, 0),
('PT0338', 'น.ส.เพียงพร เพียรธัญกรณ์', '0629795913', 28, 2, 0),
('PT0371', 'น.ส.อมรรัตน์ วาสะรัมย์', '0957699867', 63, 2, 0),
('PT0400', 'น.ส.ทิพวรรณ ชาวเขาเวียง', '0909614356', 32, 2, 0),
('PT0418', 'นายไฟศอล สะบูดิง', '0987135157', 43, 2, 0),
('PT0450', 'น.ส.ชนิดาภา การกิ่งไพร', '0902476846', 48, 2, 0),
('PT0505', 'น.ส.วิภาพร มอมุงคุณ', '0925890746', 36, 2, 0),
('PT0509', 'น.ส.แววตา แข็งแรง', '0658066114', 46, 2, 0),
('PT0544', 'นายอภิวัฒน์ มะหะหมัด', '0646612549', 35, 2, 0),
('PT0548', 'นายศุภณัฏฐ์ เกียรติพาณิชย์', '0963510272', 47, 2, 0),
('PT0550', 'น.ส.พิมวิภา ดวงชื่น', '0645831977', 112, 2, 0),
('PT0562', 'น.ส.มูนีเร๊าะ ดามูซอ', '0652673933', 47, 2, 0),
('PT0573', 'น.ส.จุรีพร ดลปัดชา', '0631649095', 47, 2, 0),
('PT0599', 'นายประสิทธิ์ นิลมัย', '0926255023', 33, 2, 0),
('PT0623', 'น.ส.นภัสสร โชติกลาง', '0625905236', 67, 2, 0),
('PT0625', 'น.ส.ศิรประภา เชื้อลิ้นฟ้า', '0615521877', 22, 2, 0),
('PT0629', 'นายศุภชัย กันภูผา', '0902306972', 43, 2, 0),
('PT0649', 'น.ส.วิลัยลักษณ์ บุญราช', '0941304540', 63, 2, 0),
('PT0660', 'นายกฤษฎา มีแก้ว', '0654563043', 61, 2, 0),
('PT0668', 'น.ส.มยุรี มะแซ', '0985259005', 63, 2, 0),
('PT0696', 'นายธนทัต คำภักดี', '0627062883', 32, 2, 0),
('PT0700', 'น.ส.สุนิสา โชคบรรดิษ', '0622924049', 67, 2, 0),
('PT0707', 'น.ส.จิราภรณ์ สุดสวาท', '0926590190', 48, 2, 0),
('PT0713', 'น.ส.ชุติมา สวัสดิ์ผล', '0968894453', 47, 2, 0),
('RC0004', 'น.ส.บุษยา บัวฉ่ำ', '0959426712', 84, 2, 0),
('RT0013', 'นายรัตชัย ผ่องแผ้ว', '0635956749', 22, 2, 0),
('RT0041', 'น.ส.ชนัญชิดา เอื้อจิตร์', '0647372268', 33, 2, 0),
('RT0128', 'น.ส.สุนิตา พลเหตุ', '0644096795', 47, 2, 0),
('RT0129', 'นายเปิ้ล แดงแตง', '0861739159', 32, 2, 0),
('RT0132', 'น.ส.กุลกันยา ชำนาญ', '0964025595', 33, 2, 0),
('RT0157', 'น.ส.ชลธิชา สุบิน', '0615908166', 63, 2, 0),
('RT0168', 'น.ส.ชุติมณฑน์ ศรีคุณ', '0953953932', 27, 2, 0),
('RT0170', 'นางศรีนวล โทชาติ', '0804352007', 67, 2, 0),
('RT0180', 'น.ส.พัชรี ฮวดคันทะ', '0981369539', 46, 2, 0),
('RT0183', 'นายสิรภพ รักษาเป้า', '0856055045', 32, 2, 0),
('RT0188', 'น.ส.ดาวรุ่ง จันทร์เรือง', '0936375831', 46, 2, 0),
('Rt0191', 'น.ส.ศิราณี ทองไทย', '0610417624', 48, 2, 0),
('RT0201', 'นายสหภาพ คุ้มบำรุง', '0910079478', 59, 2, 0),
('RT0214', 'นายทรงวุฒิ สมัคศรี', '0953610729', 33, 2, 0),
('RT0218', 'นายพิศิษฎ์ ศรีชมพันธ์', '0624254919', 43, 2, 0),
('Rt0220', 'น.ส.นฤมล บุญเกิด', '0959827866', 59, 2, 0),
('RT0302', 'นายเกริกชัย พระสีแก้ว', '0834043598', 46, 2, 0),
('RT0314', 'นายรุจ ปริมาณ', '0639593243', 52, 2, 0),
('RT0360', 'น.ส.สุพรนี สีหาบุตร', '0934936974', 46, 2, 0),
('RT0367', 'น.ส.ศิริพลอย ยอดอาจ', '0967862549', 36, 2, 0),
('RT0386', 'นายสาธิต นาคกร', '0939467539', 32, 2, 0),
('RT0409', 'นายอภิสิทธิ์ นามวงษา', '0659570419', 63, 2, 0),
('RT0433', 'นายมูฮัมหมัดฟิรฮัม ดอมะ', '0821970434', 67, 2, 0),
('RT0442', 'นายไชยวัฒน์ ทองดี', '0978312253', 67, 2, 0),
('RT0450', 'น.ส.ฐิติมา ไพรศรี', '0970169683', 20, 2, 0),
('RT0451', 'น.ส.เบญจพร หอมชื่น', '0804106862', 34, 2, 0),
('RT0467', 'น.ส.พรจิต ยาษาไชย', '0982800877', 48, 2, 0),
('RT0474', 'นางพัชรี เทินกระโทก', '0638624451', 60, 2, 0),
('RT0485', 'น.ส.ศรีสุดา อาจปรุ', '0820825939', 48, 2, 0),
('RT0486', 'นายขวัญประชา แสนเลิศ', '0880488135', 45, 2, 0),
('RT0514', 'นายบุญเทพ ประทีปคุณธรรม', '0932981888', 67, 2, 0),
('RT0517', 'น.ส.มธุริน อุ้ตมา', '0832159003', 28, 2, 0),
('RT0523', 'นางพิราวรรณ แสงสม', '0973566157', 52, 2, 0),
('RT0543', 'นายพารินธร ส่อนนารา', '0638840537', 28, 2, 0),
('RT0544', 'น.ส.กรองกาญจน์ เพ็งเลิศ', '0816287151', 59, 2, 0),
('RT0572', 'น.ส.ศศิภา ลำใย', '0886499896', 28, 2, 0),
('RT0585', 'นายวันเฉลิม ทองแตง', '0837545679', 52, 2, 0),
('RT0593', 'น.ส.สุวนันท์ จันทร์มณี', '0951048373', 28, 2, 0),
('RT0604', 'นายพินิจนาถ ช่วยนึก', '06111685163', 27, 2, 0),
('RT0625', 'น.ส.ศรีสุดา ทรัพย์นิมิตร', '0824079322', 63, 2, 0),
('RT0640', 'น.ส.ปรารถนา แสวงกิจ', '0825596324', 28, 2, 0),
('RT0652', 'น.ส.ศิรินนา สมจิตร', '0638205856', 48, 2, 0),
('S650008', 'นายธนากร คำมนตรี', '0988270129', 92, 2, 0),
('SC0000', 'น.ส.สุรีรัตน์ วงค์หิรัญ', '0991146898', 98, 2, 0),
('SC0411', 'นายฉัตรมงคล ไทยแย้ม', '0885889117', 109, 2, 0),
('SC9999', 'น.ส.ดารุณี เขียวอ่อน', '0972255895', 98, 2, 0),
('ST0371', 'นายนฤชา สายเจริญ', '0994471212', 33, 2, 0),
('ST0383', 'น.ส.ภัชริดาพร จันทำ', '0838899507', 31, 2, 0),
('ST0393', 'น.ส.แพรวนภา มาตนอก', '0957419389', 37, 2, 0),
('ST0401', 'น.ส.ฐิติมา ประดิษฐ์', '0967510653', 36, 2, 0),
('ST0444', 'น.ส.ศิรินันต์ แสงรักษา', '0984383968', 33, 2, 0),
('ST0448', 'น.ส.ดาริน ปานทุเรียนกุล', '0872064848', 28, 2, 0),
('ST0460', 'น.ส.มนัสวรรณ มะลีมาน', '0959299779', 49, 2, 0),
('ST0469', 'น.ส.อานีซ๊ะ อาแว', '0822491452', 36, 2, 0),
('ST0478', 'น.ส.นฤมล อินทร์ประสิทธิ์', '0963364144', 67, 2, 0),
('ST0505', 'น.ส.หยกมณี คล้ายอุบล', '0618342175', 33, 2, 0),
('ST0528', 'น.ส.จันจิรา กินิพันธ์', '0972240512', 32, 2, 0),
('St0580', 'น.ส.ซอลีฮะ สะอุ', '0987427099', 49, 2, 0),
('ST0608', 'น.ส.นารีรัตน์ ไชยสิทธิ์', '0990283525', 46, 2, 0),
('ST0666', 'น.ส.จันทร์จิรา ยอดติ่ง', '0802270257', 43, 2, 0),
('ST0684', 'น.ส.ดาราวรรณ คนไว', '0926861715', 37, 2, 0),
('ST0713', 'น.ส.พิมพ์ลภัส ยินดียม', '0902544597', 27, 2, 0),
('ST0780', 'นายอานิรุต สุหลง', '0629709035', 49, 2, 0),
('ST0804', 'น.ส.ฟารีดา กะเต๊ะ', '0968833137', 37, 2, 0),
('ST0910', 'นายอนุวัฒน์ สระทอง', '0611197624', 36, 2, 0),
('ST0915', 'นายนิทัศน์ ชรารัตน์', '0615324723', 33, 2, 0),
('ST0960', 'น.ส.ศรีสุดา สุวรรณ์มะณี', '0987798809', 28, 2, 0),
('ST0962', 'น.ส.พิกุล สงเปรื่อง', '0644135623', 64, 2, 0),
('St0964', 'น.ส.กาญจนา รินทร์อำภา', '0972253970', 36, 2, 0),
('ST0979', 'น.ส.รัตนา นุชชัยนาท', '0809690762', 28, 2, 0),
('ST1015', 'น.ส.อรนุช โพธิ์ร่มเย็น', '0996079609', 27, 2, 0),
('ST1059', 'น.ส.ชไมพร ลีวัน', '0835368416', 59, 2, 0),
('ST1129', 'น.ส.ชุติมา มะโหฬาร', '0825838672', 36, 2, 0),
('ST1179', 'น.ส.สุภาณี แร่เพชร', '0611024071', 43, 2, 0),
('ST1201', 'นายกฤษดา เที่ยงมิตร', '0617100237', 64, 2, 0),
('St1206', 'น.ส.สุปรีดา เภาด้วง', '0952411340', 36, 2, 0),
('ST1259', 'น.ส.นันธิดา ทองนิตย์', '0814302919', 63, 2, 0),
('ST1330', 'น.ส.อรวรรณ แก้วอินทร์', '0966927953', 36, 2, 0),
('ST1340', 'น.ส.ธิยารัตน์ จันทรสมุทร', '0929035639', 37, 2, 0),
('ST1368', 'น.ส.สุจิตรฏา นารอด', '0630849887', 20, 2, 0),
('ST1473', 'น.ส.อากีฟะห์ ดามิ', '0657506125', 48, 2, 0),
('ST1480', 'น.ส.วาสนา สุวรรณหงษ์', '0929043107', 20, 2, 0),
('St1497', 'น.ส.ปวีณา คนตรง', '0966900115', 32, 2, 0),
('ST1545', 'นายนพนันท์ มงคลพันธุ์', '0934787404', 33, 2, 0),
('ST1561', 'น.ส.รัตติพร นามพธาย', '0632472403', 48, 2, 0),
('ST1608', 'น.ส.สุฑารัตน์ มะปูเลาะ', '0832567849', 27, 2, 0),
('ST1619', 'น.ส.สุรัตติยา เมืองคง', '0927713820', 67, 2, 0),
('ST1643', 'น.ส.วิรดา ชื่นแสงเนตร', '0611517955', 48, 2, 0),
('ST1732', 'น.ส.สุพรรณษา จันดาเพ็ง', '0988780034', 28, 2, 0),
('ST1762', 'นายพงศธร สมพงษ์', '0880361891', 36, 2, 0),
('ST1909', 'น.ส.นุรีโซเฟีย หะยีมะเย็ง', '0988540302', 63, 2, 0),
('ST1915', 'น.ส.บัวเงิน ปกสันเทียะ', '0617376438', 37, 2, 0),
('ST1956', 'น.ส.วรรณิษา หมวกเพ็ชร', '0943327718', 44, 2, 0),
('ST1974', 'นายรณิดา คงนิ่ม', '0851141883', 66, 2, 0),
('ST2000', 'นายอวิรุทธ์ มะหะหมัด', '0999097081', 32, 2, 0),
('ST2041', 'น.ส.อรวรรณ อร่ามชัย', '0973094035', 65, 2, 0),
('ST2102', 'นายกฤษดาวุทธ ผลฟัก', '0809373890', 32, 2, 0),
('ST2120', 'นายวีระยุทธ วีระสัตรา', '0961838357', 22, 2, 0),
('ST2134', 'น.ส.สงกานต์ คำลือไชย', '0949871115', 43, 2, 0),
('ST2142', 'น.ส.กัลยา แสงเนตร', '0972879359', 41, 2, 0),
('ST2170', 'น.ส.วิภาดา พละเดช', '0973369899', 20, 2, 0),
('ST2177', 'น.ส.นูรมารีษา กาเน๊ะ', '0630648775', 34, 2, 0),
('ST2207', 'น.ส.ศุภนุช ใจเย็น', '0637941062', 60, 2, 0),
('ST2231', 'นายซุกกิปพลี แยนา', '0936093639', 43, 2, 0),
('ST2264', 'นายสมจิตต์ ภิรมย์คง', '0992162750', 36, 2, 0),
('St2312', 'น.ส.ศิริพร ลำเภา', '0625299152', 28, 2, 0),
('ST2313', 'น.ส.กนกทิพย์ ปุริโส', '0625299152', 32, 2, 0),
('ST2338', 'น.ส.อินธุอร ป้องท้าว', '0947650370', 28, 2, 0),
('ST2340', 'นายสุพิชา พรมเดื่อ', '0638438589', 19, 2, 0),
('ST2363', 'น.ส.เนตรนภา ประพันธ์พงษ์', '0849784797', 43, 2, 0),
('ST2377', 'นายโชคชัย ชัยบิล', '0658614389', 43, 2, 0),
('ST2434', 'น.ส.อาซูฟา มามะ', '0640822707', 34, 2, 0),
('ST2436', 'น.ส.ลวิวรรณ วงค์ชู', '0620073433', 28, 2, 0),
('ST2448', 'น.ส.ธัญญาภรณ์ ยอดทองหอม', '0630020962', 43, 2, 0),
('ST2458', 'นายปิยณัฐ อาษา', '0970084502', 36, 2, 0),
('ST2493', 'นายอัมมือรัน เจะแห', '0822657232', 43, 2, 0),
('ST2510', 'น.ส.ดวงรัตน์ ช่วงชิด', '0654907521', 48, 2, 0),
('ST2522', 'น.ส.สุกัญญา กางเมืองพล', '0622161983', 48, 2, 0),
('ST2620', 'น.ส.นุศรา อาจหาญ', '0964791891', 28, 2, 0),
('ST2637', 'น.ส.วันทนา ส่งแสงรัตน์', '0807743209', 67, 2, 0),
('ST2643', 'น.ส.ศิริลักษณ์ เทศสิงห์', '0933638938', 34, 2, 0),
('ST2693', 'นายมะไซดี เจะหลง', '0612304707', 43, 2, 0),
('St2709', 'น.ส.สมฤทัย บัวเผียน', '0800540328', 67, 2, 0),
('ST2727', 'น.ส.พัชริดา ผลประสูตร', '0641874580', 28, 2, 0),
('ST2733', 'น.ส.ญาตาวี แตงอ่อน', '0989372178', 20, 2, 0),
('ST2736', 'น.ส.รุ่งนภา ศรีดี', '0807360709', 28, 2, 0),
('ST2773', 'น.ส.รุสนา สาแม', '0987533466', 28, 2, 0),
('ST2792', 'นายอับดุลรอมาน วามิง', '0661385844', 45, 2, 0),
('ST2809', 'นายโยธิน รุ่งศิริมงคลชัย', '0918637978', 33, 2, 0),
('ST2898', 'นายอนาวิน บริสุทธิ์', '0639387100', 18, 2, 0),
('ST2914', 'นางวันทนีย์ สมทบ', '0636686216', 34, 2, 0),
('ST2917', 'น.ส.กัลณิภา ตายอด', '0980092466', 48, 2, 0),
('ST2988', 'นายรัตนรังสรรค์ มะหะหมัด', '0942340724', 36, 2, 0),
('ST2996', 'น.ส.เจนจิรา ประภาสัย', '0972924192', 27, 2, 0),
('ST3022', 'น.ส.ปริฉัตร โยประทุม', '0941301261', 28, 2, 0),
('ST3040', 'น.ส.เนตรนภา ทองทาบ', '0969064103', 36, 2, 0),
('ST3050', 'นายอัคเดช ปานเสียง', '0968124638', 59, 2, 0),
('ST3102', 'น.ส.สะแกวัลย์ โตะสะอิ', '0800354270', 64, 2, 0),
('ST3109', 'นายพันนา เที่ยงดา', '0611548936', 37, 2, 0),
('ST3118', 'นายรัตนฟ้า ศิริ', '0985802042', 67, 2, 0),
('ST3120', 'น.ส.อรฉัตร มาประโคน', '0803964814', 34, 2, 0),
('ST3124', 'นายพิชิตชัย บัวดี', '0929827304', 46, 2, 0),
('ST3152', 'นายวิสสุต เกิดแก่น', '0639729239', 60, 2, 0),
('ST3162', 'นายยุทธนา พุ่มระย้า', '0621065924', 107, 2, 0),
('ST3163', 'นายณัฐพล แสงอ่อน', '0615756102', 20, 2, 0),
('ST3182', 'นายชัยธวัช ไร่เขือ', '0888431445', 52, 2, 0),
('ST3183', 'น.ส.พรสวรรค์ แย้มพ่วง', '0649780903', 52, 2, 0),
('ST3188', 'น.ส.จิราภรณ์ สารทอง', '0653108656', 47, 2, 0),
('ST3207', 'น.ส.ประภาพร ทะวงศ์นา', '0989528225', 48, 2, 0),
('ST3218', 'น.ส.วนิดา ยางก้อน', '0801612787', 28, 2, 0),
('ST3222', 'นายจตุรงค์ คำวัน', '0612250050', 49, 2, 0),
('ST3245', 'น.ส.นัดดา ตาลงาม', '0970951972', 59, 2, 0),
('ST3254', 'น.ส.ศรีนวล สายแวว', '0625191571', 28, 2, 0),
('ST3261', 'นายพันธวัช อินทนา', '0973316045', 28, 2, 0),
('ST3265', 'นายสุรวิทย์ เจริญหมื่น', '0983493442', 67, 2, 0),
('ST3269', 'นายภูวนัย เจตนา', '0958482862', 33, 2, 0),
('ST3274', 'น.ส.นิตยา ภูเจริญ', '0917682589', 42, 2, 0),
('ST3284', 'นายอัสซัน เจะเตะ', '0983592947', 20, 2, 0),
('ST3291', 'น.ส.ทิพวรรณ แดงคง', '0961070436', 28, 2, 0),
('ST3298', 'น.ส.พรพิมล พุทธหาร', '0840035170', 47, 2, 0),
('ST3321', 'น.ส.กาญจนา สิงหาทุม', '0659329918', 28, 2, 0),
('ST3328', 'น.ส.กนกรัตน์ เซ็นเยาะ', '0944045257', 22, 2, 0),
('ST3348', 'น.ส.ปาริชาติ บัวบาน', '0951471340', 28, 2, 0),
('ST3358', 'น.ส.มิ่งขวัญ ยินดี', '0615656311', 59, 2, 0),
('ST3368', 'น.ส.อรุณรัตน์ สมสนิท', '0863872237', 34, 2, 0),
('ST3380', 'น.ส.ตะวัน แสงวิเชียร', '0645455004', 20, 2, 0),
('ST3401', 'นายอนุพงศ์ ยามี', '0857205080', 52, 2, 0),
('ST3402', 'น.ส.วิชุออน จารัมย์', '0918609227', 48, 2, 0),
('ST3407', 'นายอนันต์ กลิ่นดอกแก้ว', '0979911268', 49, 2, 0),
('ST3418', 'นายอนุภักดิ์ ปิ่นมณี', '0623640075', 43, 2, 0),
('ST3420', 'น.ส.เจนจิรา พุกวงษ์', '0951595739', 99, 2, 0),
('ST3436', 'น.ส.ปวีณา หุบทอง', '0823433301', 60, 2, 0),
('ST3463', 'นายปราโมทย์ เสือกระจ่าง', '0949871689', 60, 2, 0),
('ST3481', 'น.ส.นัฐกาญ บุญชัย', '0902214057', 67, 2, 0),
('ST3488', 'นายณัฐพีระ ศาสนเวทย์', '0986054284', 47, 2, 0),
('St3502', 'นายอัครพนธ์ พิมพ์ไสย์', '0622725935', 20, 2, 0),
('St3512', 'น.ส.อรุณี ทองแตง', '0989493851', 20, 2, 0),
('ST3521', 'นายอนุพงศ์ โต๊ะเถื่อน', '0645617931', 37, 2, 0),
('ST3535', 'นายธีรโชต ลุนบง', '0637837445', 52, 2, 0),
('ST3539', 'นายซาการียา ยุโซะ', '0980242403', 63, 2, 0),
('ST3543', 'น.ส.วาสนา อาทร', '0612684006', 67, 2, 0),
('ST3550', 'นายพิทักษ์ อู่อรุณ', '0925716535', 61, 2, 0),
('ST3586', 'น.ส.อินธุอร เสนคะ', '0988420858', 28, 2, 0),
('ST3661', 'นายชินภัทร ทองดี', '0855021645', 63, 2, 0),
('ST3688', 'น.ส.ปราณี คันทะนาค', '0917082505', 47, 2, 0),
('ST3702', 'น.ส.กัญญิศา เกตุสุวรรณ', '0612524723', 63, 2, 0),
('ST3708', 'นายสิทธิพงศ์ หมวดเชียงคะ', '0615631042', 19, 2, 0),
('ST3730', 'นายปรเมษฐ์ อินทร์ชมชื่น', '0657185104', 40, 2, 0),
('ST3740', 'นายสันติสุข ภารสถิตย์', '0808421699', 52, 2, 0),
('ST3741', 'น.ส.พนิดา เชยเอม', '0647320645', 21, 2, 0),
('ST3764', 'นายศุภกร พระจิตคำ', '0930320087', 59, 2, 0),
('ST3768', 'น.ส.รุ่งนภา วินิจสร', '0941989411', 38, 2, 0),
('ST3786', 'น.ส.อารียา แดงหย้ง', '0620815731', 38, 2, 0),
('ST3801', 'น.ส.อรดี น้อยปลา', '0829154954', 64, 2, 0),
('ST3809', 'นายปราโมทย์ ฉิมนอก', '0925712470', 19, 2, 0),
('ST3831', 'นายธัญเทพ จันทถุวัน', '0991759194', 32, 2, 0),
('ST3859', 'นางจารุณี อาจหาญ', '0970808282', 28, 2, 0),
('ST3865', 'นายสุบฮา เจะมะ', '0650973684', 32, 2, 0),
('ST3882', 'น.ส.อุมัยยะฮ์ ปะเงาะ', '0993154513', 46, 2, 0),
('ST3904', 'นายธนากร พรหมหากุล', '0644572856', 52, 2, 0),
('ST3954', 'นายชญานนท์ เกตุเพ็ง', '0902421153', 67, 2, 0),
('ST3996', 'น.ส.จุฑามาศ ซีซอง', '0802641499', 55, 2, 0),
('ST3997', 'น.ส.คฑามาศ กาลวงศ์', '0613566703', 20, 2, 0),
('ST4028', 'นายสุไลมาน มาเละ', '0928660868', 64, 2, 0),
('ST4038', 'น.ส.วรรณภา ขันโท', '0623972019', 60, 2, 0),
('ST4069', 'น.ส.ทิพย์วรา ทิหวาย', '0644682848', 36, 2, 0),
('ST4093', 'นายกิตติพงษ์ แหลมผักแว่น', '0658716259', 61, 2, 0),
('ST5033', 'น.ส.สมร แถมหงษา', '0639806489', 63, 2, 0),
('ST5057', 'น.ส.สุวนันท์ คุณหงษ์', '0652618240', 34, 2, 0),
('ST5061', 'น.ส.ขวัญตา มุมทอง', '0923635010', 33, 2, 0),
('ST5073', 'น.ส.ปรารถนา คงเค็ด', '0832184407', 43, 2, 0),
('ST5077', 'นายสราวุฒิ ทัดทอง', '0980536663', 43, 2, 0),
('ST5093', 'นายนฤทธิ์ สิงห์ทอง', '0825547703', 52, 2, 0),
('ST5105', 'น.ส.สุวรรณี บุญรอง', '0614812895', 34, 2, 0),
('ST5110', 'น.ส.ธีร์จุฑา ภิยโยทัย', '0991097530', 28, 2, 0),
('ST5129', 'น.ส.โนรีตา เจ๊ะหลง', '0612377529', 63, 2, 0),
('ST5155', 'นายธเนศ พิทักษ์', '0981672151', 52, 2, 0),
('ST5179', 'น.ส.ทัศนีย์ อภิวัฒนากูล', '0909841192', 34, 2, 0),
('ST5190', 'นายธันวา เข็มสันเทียะ', '0943643085', 52, 2, 0),
('ST5199', 'นายปานธง พิมพ์หนู', '0985877573', 52, 2, 0),
('ST5211', 'น.ส.รัติยา ชัยมุงคุณ', '0656621247', 64, 2, 0);

-- --------------------------------------------------------

--
-- Table structure for table `vechine_today`
--

CREATE TABLE `vechine_today` (
  `ID` int(11) NOT NULL,
  `Date` date NOT NULL,
  `Employee_ID` varchar(50) NOT NULL
) ENGINE=InnoDB DEFAULT CHARSET=utf8mb4;

-- --------------------------------------------------------

--
-- Table structure for table `visitor`
--

CREATE TABLE `visitor` (
  `Visitor` int(20) NOT NULL,
  `Date` date NOT NULL
) ENGINE=InnoDB DEFAULT CHARSET=utf8mb4;

-- --------------------------------------------------------

--
-- Table structure for table `visitor_detail`
--

CREATE TABLE `visitor_detail` (
  `ID` int(20) NOT NULL,
  `Why` varchar(50) NOT NULL,
  `Name` varchar(50) NOT NULL,
  `Car_registration` varchar(20) NOT NULL
) ENGINE=InnoDB DEFAULT CHARSET=utf8mb4;

-- --------------------------------------------------------

--
-- Table structure for table `zone`
--

CREATE TABLE `zone` (
  `ID` int(11) NOT NULL,
  `Detail` varchar(5) NOT NULL
) ENGINE=InnoDB DEFAULT CHARSET=utf8mb4;

--
-- Dumping data for table `zone`
--

INSERT INTO `zone` (`ID`, `Detail`) VALUES
(1, 'A'),
(2, 'B'),
(3, 'C'),
(4, 'D'),
(5, 'A1'),
(6, 'A2'),
(7, 'A3'),
(8, 'A4');

--
-- Indexes for dumped tables
--

--
-- Indexes for table `agency`
--
ALTER TABLE `agency`
  ADD PRIMARY KEY (`ID`);

--
-- Indexes for table `company`
--
ALTER TABLE `company`
  ADD PRIMARY KEY (`ID`);

--
-- Indexes for table `company_dormitory`
--
ALTER TABLE `company_dormitory`
  ADD PRIMARY KEY (`ID`);

--
-- Indexes for table `data_user`
--
ALTER TABLE `data_user`
  ADD KEY `Employee_ID` (`Employee_ID`),
  ADD KEY `Type_Vehicle` (`Type_Vehicle`),
  ADD KEY `Zone` (`Zone`),
  ADD KEY `Active` (`Active`);

--
-- Indexes for table `reason`
--
ALTER TABLE `reason`
  ADD PRIMARY KEY (`ID`);

--
-- Indexes for table `receive_qrcode`
--
ALTER TABLE `receive_qrcode`
  ADD KEY `Employee_ID` (`Employee_ID`);

--
-- Indexes for table `receive_sticker`
--
ALTER TABLE `receive_sticker`
  ADD PRIMARY KEY (`ID`),
  ADD KEY `Reason` (`Reason`);

--
-- Indexes for table `status_detail`
--
ALTER TABLE `status_detail`
  ADD PRIMARY KEY (`ID`);

--
-- Indexes for table `type_vehicle`
--
ALTER TABLE `type_vehicle`
  ADD PRIMARY KEY (`ID`);

--
-- Indexes for table `user`
--
ALTER TABLE `user`
  ADD PRIMARY KEY (`Employee_ID`),
  ADD KEY `Agency` (`Agency`),
  ADD KEY `Company` (`Company`),
  ADD KEY `Company_dormitory (Varchar 1)Company_dormitory` (`Company_dormitory`);

--
-- Indexes for table `vechine_today`
--
ALTER TABLE `vechine_today`
  ADD PRIMARY KEY (`ID`),
  ADD KEY `Employee_ID` (`Employee_ID`);

--
-- Indexes for table `visitor`
--
ALTER TABLE `visitor`
  ADD KEY `Visitor` (`Visitor`);

--
-- Indexes for table `visitor_detail`
--
ALTER TABLE `visitor_detail`
  ADD PRIMARY KEY (`ID`);

--
-- Indexes for table `zone`
--
ALTER TABLE `zone`
  ADD PRIMARY KEY (`ID`);

--
-- AUTO_INCREMENT for dumped tables
--

--
-- AUTO_INCREMENT for table `agency`
--
ALTER TABLE `agency`
  MODIFY `ID` int(11) NOT NULL AUTO_INCREMENT, AUTO_INCREMENT=118;

--
-- AUTO_INCREMENT for table `company`
--
ALTER TABLE `company`
  MODIFY `ID` int(11) NOT NULL AUTO_INCREMENT, AUTO_INCREMENT=4;

--
-- AUTO_INCREMENT for table `company_dormitory`
--
ALTER TABLE `company_dormitory`
  MODIFY `ID` int(11) NOT NULL AUTO_INCREMENT, AUTO_INCREMENT=3;

--
-- AUTO_INCREMENT for table `reason`
--
ALTER TABLE `reason`
  MODIFY `ID` int(11) NOT NULL AUTO_INCREMENT, AUTO_INCREMENT=3;

--
-- AUTO_INCREMENT for table `receive_sticker`
--
ALTER TABLE `receive_sticker`
  MODIFY `ID` int(11) NOT NULL AUTO_INCREMENT, AUTO_INCREMENT=904;

--
-- AUTO_INCREMENT for table `type_vehicle`
--
ALTER TABLE `type_vehicle`
  MODIFY `ID` int(11) NOT NULL AUTO_INCREMENT, AUTO_INCREMENT=3;

--
-- AUTO_INCREMENT for table `vechine_today`
--
ALTER TABLE `vechine_today`
  MODIFY `ID` int(11) NOT NULL AUTO_INCREMENT, AUTO_INCREMENT=47;

--
-- AUTO_INCREMENT for table `visitor_detail`
--
ALTER TABLE `visitor_detail`
  MODIFY `ID` int(20) NOT NULL AUTO_INCREMENT, AUTO_INCREMENT=19;

--
-- AUTO_INCREMENT for table `zone`
--
ALTER TABLE `zone`
  MODIFY `ID` int(11) NOT NULL AUTO_INCREMENT, AUTO_INCREMENT=10;

--
-- Constraints for dumped tables
--

--
-- Constraints for table `data_user`
--
ALTER TABLE `data_user`
  ADD CONSTRAINT `data_user_ibfk_1` FOREIGN KEY (`Employee_ID`) REFERENCES `user` (`Employee_ID`) ON DELETE CASCADE ON UPDATE CASCADE,
  ADD CONSTRAINT `data_user_ibfk_2` FOREIGN KEY (`Type_Vehicle`) REFERENCES `type_vehicle` (`ID`) ON DELETE CASCADE ON UPDATE CASCADE,
  ADD CONSTRAINT `data_user_ibfk_3` FOREIGN KEY (`Zone`) REFERENCES `zone` (`ID`) ON DELETE CASCADE ON UPDATE CASCADE,
  ADD CONSTRAINT `data_user_ibfk_4` FOREIGN KEY (`Active`) REFERENCES `status_detail` (`ID`) ON DELETE CASCADE ON UPDATE CASCADE;

--
-- Constraints for table `receive_qrcode`
--
ALTER TABLE `receive_qrcode`
  ADD CONSTRAINT `receive_qrcode_ibfk_1` FOREIGN KEY (`Employee_ID`) REFERENCES `user` (`Employee_ID`) ON DELETE CASCADE ON UPDATE CASCADE;

--
-- Constraints for table `receive_sticker`
--
ALTER TABLE `receive_sticker`
  ADD CONSTRAINT `receive_sticker_ibfk_1` FOREIGN KEY (`Reason`) REFERENCES `reason` (`ID`) ON DELETE CASCADE ON UPDATE CASCADE;

--
-- Constraints for table `user`
--
ALTER TABLE `user`
  ADD CONSTRAINT `user_ibfk_1` FOREIGN KEY (`Agency`) REFERENCES `agency` (`ID`) ON DELETE CASCADE ON UPDATE CASCADE,
  ADD CONSTRAINT `user_ibfk_2` FOREIGN KEY (`Company`) REFERENCES `company` (`ID`) ON DELETE CASCADE ON UPDATE CASCADE,
  ADD CONSTRAINT `user_ibfk_3` FOREIGN KEY (`Company_dormitory`) REFERENCES `company_dormitory` (`ID`) ON DELETE CASCADE ON UPDATE CASCADE;

--
-- Constraints for table `vechine_today`
--
ALTER TABLE `vechine_today`
  ADD CONSTRAINT `vechine_today_ibfk_1` FOREIGN KEY (`Employee_ID`) REFERENCES `user` (`Employee_ID`) ON DELETE CASCADE ON UPDATE CASCADE;

--
-- Constraints for table `visitor`
--
ALTER TABLE `visitor`
  ADD CONSTRAINT `visitor_ibfk_2` FOREIGN KEY (`Visitor`) REFERENCES `visitor_detail` (`ID`) ON DELETE CASCADE ON UPDATE CASCADE;
COMMIT;

/*!40101 SET CHARACTER_SET_CLIENT=@OLD_CHARACTER_SET_CLIENT */;
/*!40101 SET CHARACTER_SET_RESULTS=@OLD_CHARACTER_SET_RESULTS */;
/*!40101 SET COLLATION_CONNECTION=@OLD_COLLATION_CONNECTION */;
